2026-03-09 17:19:51 — INFO — Running with edr=0.22.0
2026-03-09 17:19:52 — DEBUG — Running dbt command --log-format json run-operation elementary.log_macro_results --args {"macro_name": "elementary_cli.get_latest_invocation", "macro_args": {}} --project-dir C:\Project\DBT\dbt-bootcamp\.venv\Lib\site-packages\elementary\monitor\dbt_project
[31;20m2026-03-09 17:19:54 — ERROR — Unable to get the latest invocation: Failed to run dbt command.
Runtime Error
  Could not find profile named 'elementary'[0m
2026-03-09 17:19:54 — DEBUG — Running dbt command --log-format json run-operation elementary.log_macro_results --args {"macro_name": "elementary_cli.get_adapter_type_and_unique_id", "macro_args": {}} --project-dir C:\Project\DBT\dbt-bootcamp\.venv\Lib\site-packages\elementary\monitor\dbt_project
2026-03-09 17:19:55 — DEBUG — Could not get warehouse info.
Traceback (most recent call last):
  File "C:\Project\DBT\dbt-bootcamp\.venv\Lib\site-packages\elementary\monitor\data_monitoring\data_monitoring.py", line 142, in _get_warehouse_info
    self.internal_dbt_runner.run_operation(
  File "C:\Project\DBT\dbt-bootcamp\.venv\Lib\site-packages\elementary\clients\dbt\command_line_dbt_runner.py", line 178, in run_operation
    result = self._run_command(
             ^^^^^^^^^^^^^^^^^^
  File "C:\Project\DBT\dbt-bootcamp\.venv\Lib\site-packages\elementary\clients\dbt\command_line_dbt_runner.py", line 115, in _run_command
    result = self._inner_run_command(
             ^^^^^^^^^^^^^^^^^^^^^^^^
  File "C:\Project\DBT\dbt-bootcamp\.venv\Lib\site-packages\elementary\clients\dbt\api_dbt_runner.py", line 54, in _inner_run_command
    raise DbtCommandError(
elementary.exceptions.exceptions.DbtCommandError: Failed to run dbt command.
Runtime Error
  Could not find profile named 'elementary'
2026-03-09 17:19:55 — DEBUG — Running dbt command --log-format json run-operation elementary.log_macro_results --args {"macro_name": "elementary_cli.get_elementary_database_and_schema", "macro_args": {}} --project-dir C:\Project\DBT\dbt-bootcamp\.venv\Lib\site-packages\elementary\monitor\dbt_project
[31;20m2026-03-09 17:19:56 — ERROR — Failed to parse Elementary's database and schema.[0m
2026-03-09 17:19:56 — INFO — Running dbt command --log-format json run-operation elementary.log_macro_results --args {"macro_name": "elementary_cli.get_test_results", "macro_args": {"days_back": 7, "invocations_per_test": 720, "disable_passed_test_metrics": false}} --project-dir C:\Project\DBT\dbt-bootcamp\.venv\Lib\site-packages\elementary\monitor\dbt_project
[31;20m2026-03-09 17:19:57 — ERROR — Could not generate the report - Error: Failed to run dbt command.
Runtime Error
  Could not find profile named 'elementary'
Please reach out to our community for help with this issue.[0m
Traceback (most recent call last):
  File "C:\Project\DBT\dbt-bootcamp\.venv\Lib\site-packages\elementary\monitor\api\report\report.py", line 84, in get_report_data
    tests_api = TestsAPI(
                ^^^^^^^^^
  File "C:\Project\DBT\dbt-bootcamp\.venv\Lib\site-packages\elementary\monitor\api\tests\tests.py", line 52, in __init__
    self.test_results_db_rows = self._get_test_results_db_rows(
                                ^^^^^^^^^^^^^^^^^^^^^^^^^^^^^^^
  File "C:\Project\DBT\dbt-bootcamp\.venv\Lib\site-packages\elementary\monitor\api\tests\tests.py", line 64, in _get_test_results_db_rows
    return self.tests_fetcher.get_all_test_results_db_rows(
           ^^^^^^^^^^^^^^^^^^^^^^^^^^^^^^^^^^^^^^^^^^^^^^^^
  File "C:\Project\DBT\dbt-bootcamp\.venv\Lib\site-packages\elementary\monitor\fetchers\tests\tests.py", line 26, in get_all_test_results_db_rows
    run_operation_response = self.dbt_runner.run_operation(
                             ^^^^^^^^^^^^^^^^^^^^^^^^^^^^^^
  File "C:\Project\DBT\dbt-bootcamp\.venv\Lib\site-packages\elementary\clients\dbt\command_line_dbt_runner.py", line 178, in run_operation
    result = self._run_command(
             ^^^^^^^^^^^^^^^^^^
  File "C:\Project\DBT\dbt-bootcamp\.venv\Lib\site-packages\elementary\clients\dbt\command_line_dbt_runner.py", line 115, in _run_command
    result = self._inner_run_command(
             ^^^^^^^^^^^^^^^^^^^^^^^^
  File "C:\Project\DBT\dbt-bootcamp\.venv\Lib\site-packages\elementary\clients\dbt\api_dbt_runner.py", line 54, in _inner_run_command
    raise DbtCommandError(
elementary.exceptions.exceptions.DbtCommandError: Failed to run dbt command.
Runtime Error
  Could not find profile named 'elementary'
2026-03-09 17:22:39 — INFO — Running with edr=0.22.0
2026-03-09 17:22:40 — DEBUG — Running dbt command --log-format json run-operation elementary.log_macro_results --args {"macro_name": "elementary_cli.get_latest_invocation", "macro_args": {}} --project-dir C:\Project\DBT\dbt-bootcamp\.venv\Lib\site-packages\elementary\monitor\dbt_project
[31;20m2026-03-09 17:22:41 — ERROR — Unable to get the latest invocation: Failed to run dbt command.
Runtime Error
  Could not find profile named 'elementary'[0m
2026-03-09 17:22:41 — DEBUG — Running dbt command --log-format json run-operation elementary.log_macro_results --args {"macro_name": "elementary_cli.get_adapter_type_and_unique_id", "macro_args": {}} --project-dir C:\Project\DBT\dbt-bootcamp\.venv\Lib\site-packages\elementary\monitor\dbt_project
2026-03-09 17:22:42 — DEBUG — Could not get warehouse info.
Traceback (most recent call last):
  File "C:\Project\DBT\dbt-bootcamp\.venv\Lib\site-packages\elementary\monitor\data_monitoring\data_monitoring.py", line 142, in _get_warehouse_info
    self.internal_dbt_runner.run_operation(
  File "C:\Project\DBT\dbt-bootcamp\.venv\Lib\site-packages\elementary\clients\dbt\command_line_dbt_runner.py", line 178, in run_operation
    result = self._run_command(
             ^^^^^^^^^^^^^^^^^^
  File "C:\Project\DBT\dbt-bootcamp\.venv\Lib\site-packages\elementary\clients\dbt\command_line_dbt_runner.py", line 115, in _run_command
    result = self._inner_run_command(
             ^^^^^^^^^^^^^^^^^^^^^^^^
  File "C:\Project\DBT\dbt-bootcamp\.venv\Lib\site-packages\elementary\clients\dbt\api_dbt_runner.py", line 54, in _inner_run_command
    raise DbtCommandError(
elementary.exceptions.exceptions.DbtCommandError: Failed to run dbt command.
Runtime Error
  Could not find profile named 'elementary'
2026-03-09 17:22:42 — DEBUG — Running dbt command --log-format json run-operation elementary.log_macro_results --args {"macro_name": "elementary_cli.get_elementary_database_and_schema", "macro_args": {}} --project-dir C:\Project\DBT\dbt-bootcamp\.venv\Lib\site-packages\elementary\monitor\dbt_project
[31;20m2026-03-09 17:22:43 — ERROR — Failed to parse Elementary's database and schema.[0m
2026-03-09 17:22:43 — INFO — Running dbt command --log-format json run-operation elementary.log_macro_results --args {"macro_name": "elementary_cli.get_test_results", "macro_args": {"days_back": 7, "invocations_per_test": 720, "disable_passed_test_metrics": false}} --project-dir C:\Project\DBT\dbt-bootcamp\.venv\Lib\site-packages\elementary\monitor\dbt_project
[31;20m2026-03-09 17:22:44 — ERROR — Could not generate the report - Error: Failed to run dbt command.
Runtime Error
  Could not find profile named 'elementary'
Please reach out to our community for help with this issue.[0m
Traceback (most recent call last):
  File "C:\Project\DBT\dbt-bootcamp\.venv\Lib\site-packages\elementary\monitor\api\report\report.py", line 84, in get_report_data
    tests_api = TestsAPI(
                ^^^^^^^^^
  File "C:\Project\DBT\dbt-bootcamp\.venv\Lib\site-packages\elementary\monitor\api\tests\tests.py", line 52, in __init__
    self.test_results_db_rows = self._get_test_results_db_rows(
                                ^^^^^^^^^^^^^^^^^^^^^^^^^^^^^^^
  File "C:\Project\DBT\dbt-bootcamp\.venv\Lib\site-packages\elementary\monitor\api\tests\tests.py", line 64, in _get_test_results_db_rows
    return self.tests_fetcher.get_all_test_results_db_rows(
           ^^^^^^^^^^^^^^^^^^^^^^^^^^^^^^^^^^^^^^^^^^^^^^^^
  File "C:\Project\DBT\dbt-bootcamp\.venv\Lib\site-packages\elementary\monitor\fetchers\tests\tests.py", line 26, in get_all_test_results_db_rows
    run_operation_response = self.dbt_runner.run_operation(
                             ^^^^^^^^^^^^^^^^^^^^^^^^^^^^^^
  File "C:\Project\DBT\dbt-bootcamp\.venv\Lib\site-packages\elementary\clients\dbt\command_line_dbt_runner.py", line 178, in run_operation
    result = self._run_command(
             ^^^^^^^^^^^^^^^^^^
  File "C:\Project\DBT\dbt-bootcamp\.venv\Lib\site-packages\elementary\clients\dbt\command_line_dbt_runner.py", line 115, in _run_command
    result = self._inner_run_command(
             ^^^^^^^^^^^^^^^^^^^^^^^^
  File "C:\Project\DBT\dbt-bootcamp\.venv\Lib\site-packages\elementary\clients\dbt\api_dbt_runner.py", line 54, in _inner_run_command
    raise DbtCommandError(
elementary.exceptions.exceptions.DbtCommandError: Failed to run dbt command.
Runtime Error
  Could not find profile named 'elementary'
2026-03-09 17:25:59 — INFO — Running with edr=0.22.0
2026-03-09 17:26:00 — DEBUG — Running dbt command --log-format json run-operation elementary.log_macro_results --args {"macro_name": "elementary_cli.get_latest_invocation", "macro_args": {}} --project-dir C:\Project\DBT\dbt-bootcamp\.venv\Lib\site-packages\elementary\monitor\dbt_project --profiles-dir C:\Project\DBT\dbt-bootcamp\airbnb --target dev
2026-03-09 17:26:09 — DEBUG — Result bytes size for command '['--log-format', 'json', 'run-operation', 'elementary.log_macro_results', '--args', '{"macro_name": "elementary_cli.get_latest_invocation", "macro_args": {}}', '--project-dir', 'C:\\Project\\DBT\\dbt-bootcamp\\.venv\\Lib\\site-packages\\elementary\\monitor\\dbt_project', '--profiles-dir', 'C:\\Project\\DBT\\dbt-bootcamp\\airbnb', '--target', 'dev']' is 2652
2026-03-09 17:26:09 — DEBUG — Running dbt command --log-format json run-operation elementary.log_macro_results --args {"macro_name": "elementary_cli.get_adapter_type_and_unique_id", "macro_args": {}} --project-dir C:\Project\DBT\dbt-bootcamp\.venv\Lib\site-packages\elementary\monitor\dbt_project --profiles-dir C:\Project\DBT\dbt-bootcamp\airbnb --target dev
2026-03-09 17:26:11 — DEBUG — Result bytes size for command '['--log-format', 'json', 'run-operation', 'elementary.log_macro_results', '--args', '{"macro_name": "elementary_cli.get_adapter_type_and_unique_id", "macro_args": {}}', '--project-dir', 'C:\\Project\\DBT\\dbt-bootcamp\\.venv\\Lib\\site-packages\\elementary\\monitor\\dbt_project', '--profiles-dir', 'C:\\Project\\DBT\\dbt-bootcamp\\airbnb', '--target', 'dev']' is 470
2026-03-09 17:26:11 — INFO — edr (0.22.0) and Elementary's dbt package (0.22.1) are compatible.
2026-03-09 17:26:11 — DEBUG — Running dbt command --log-format json run-operation elementary.log_macro_results --args {"macro_name": "elementary_cli.get_elementary_database_and_schema", "macro_args": {}} --project-dir C:\Project\DBT\dbt-bootcamp\.venv\Lib\site-packages\elementary\monitor\dbt_project --profiles-dir C:\Project\DBT\dbt-bootcamp\airbnb --target dev
2026-03-09 17:26:14 — DEBUG — Result bytes size for command '['--log-format', 'json', 'run-operation', 'elementary.log_macro_results', '--args', '{"macro_name": "elementary_cli.get_elementary_database_and_schema", "macro_args": {}}', '--project-dir', 'C:\\Project\\DBT\\dbt-bootcamp\\.venv\\Lib\\site-packages\\elementary\\monitor\\dbt_project', '--profiles-dir', 'C:\\Project\\DBT\\dbt-bootcamp\\airbnb', '--target', 'dev']' is 426
2026-03-09 17:26:14 — INFO — Elementary's database and schema: 'AIRBNB.DEV'
2026-03-09 17:26:14 — INFO — Running dbt command --log-format json run-operation elementary.log_macro_results --args {"macro_name": "elementary_cli.get_test_results", "macro_args": {"days_back": 7, "invocations_per_test": 720, "disable_passed_test_metrics": false}} --project-dir C:\Project\DBT\dbt-bootcamp\.venv\Lib\site-packages\elementary\monitor\dbt_project --profiles-dir C:\Project\DBT\dbt-bootcamp\airbnb --target dev
2026-03-09 17:26:19 — DEBUG — Result bytes size for command '['--log-format', 'json', 'run-operation', 'elementary.log_macro_results', '--args', '{"macro_name": "elementary_cli.get_test_results", "macro_args": {"days_back": 7, "invocations_per_test": 720, "disable_passed_test_metrics": false}}', '--project-dir', 'C:\\Project\\DBT\\dbt-bootcamp\\.venv\\Lib\\site-packages\\elementary\\monitor\\dbt_project', '--profiles-dir', 'C:\\Project\\DBT\\dbt-bootcamp\\airbnb', '--target', 'dev']' is 93176
2026-03-09 17:26:19 — INFO — Running dbt command --log-format json run-operation elementary.log_macro_results --args {"macro_name": "elementary_cli.get_source_freshness_results", "macro_args": {"days_back": 7, "invocations_per_test": 720}} --project-dir C:\Project\DBT\dbt-bootcamp\.venv\Lib\site-packages\elementary\monitor\dbt_project --profiles-dir C:\Project\DBT\dbt-bootcamp\airbnb --target dev
2026-03-09 17:26:22 — DEBUG — Result bytes size for command '['--log-format', 'json', 'run-operation', 'elementary.log_macro_results', '--args', '{"macro_name": "elementary_cli.get_source_freshness_results", "macro_args": {"days_back": 7, "invocations_per_test": 720}}', '--project-dir', 'C:\\Project\\DBT\\dbt-bootcamp\\.venv\\Lib\\site-packages\\elementary\\monitor\\dbt_project', '--profiles-dir', 'C:\\Project\\DBT\\dbt-bootcamp\\airbnb', '--target', 'dev']' is 402
2026-03-09 17:26:22 — INFO — Running dbt command --log-format json run-operation elementary.log_macro_results --args {"macro_name": "elementary_cli.get_seeds", "macro_args": {}} --project-dir C:\Project\DBT\dbt-bootcamp\.venv\Lib\site-packages\elementary\monitor\dbt_project --profiles-dir C:\Project\DBT\dbt-bootcamp\airbnb --target dev
2026-03-09 17:26:25 — DEBUG — Result bytes size for command '['--log-format', 'json', 'run-operation', 'elementary.log_macro_results', '--args', '{"macro_name": "elementary_cli.get_seeds", "macro_args": {}}', '--project-dir', 'C:\\Project\\DBT\\dbt-bootcamp\\.venv\\Lib\\site-packages\\elementary\\monitor\\dbt_project', '--profiles-dir', 'C:\\Project\\DBT\\dbt-bootcamp\\airbnb', '--target', 'dev']' is 1068
2026-03-09 17:26:25 — INFO — Running dbt command --log-format json run-operation elementary.log_macro_results --args {"macro_name": "elementary_cli.get_snapshots", "macro_args": {}} --project-dir C:\Project\DBT\dbt-bootcamp\.venv\Lib\site-packages\elementary\monitor\dbt_project --profiles-dir C:\Project\DBT\dbt-bootcamp\airbnb --target dev
2026-03-09 17:26:28 — DEBUG — Result bytes size for command '['--log-format', 'json', 'run-operation', 'elementary.log_macro_results', '--args', '{"macro_name": "elementary_cli.get_snapshots", "macro_args": {}}', '--project-dir', 'C:\\Project\\DBT\\dbt-bootcamp\\.venv\\Lib\\site-packages\\elementary\\monitor\\dbt_project', '--profiles-dir', 'C:\\Project\\DBT\\dbt-bootcamp\\airbnb', '--target', 'dev']' is 3232
2026-03-09 17:26:28 — INFO — Running dbt command --log-format json run-operation elementary.log_macro_results --args {"macro_name": "elementary_cli.get_models", "macro_args": {"exclude_elementary": true}} --project-dir C:\Project\DBT\dbt-bootcamp\.venv\Lib\site-packages\elementary\monitor\dbt_project --profiles-dir C:\Project\DBT\dbt-bootcamp\airbnb --target dev
2026-03-09 17:26:31 — DEBUG — Result bytes size for command '['--log-format', 'json', 'run-operation', 'elementary.log_macro_results', '--args', '{"macro_name": "elementary_cli.get_models", "macro_args": {"exclude_elementary": true}}', '--project-dir', 'C:\\Project\\DBT\\dbt-bootcamp\\.venv\\Lib\\site-packages\\elementary\\monitor\\dbt_project', '--profiles-dir', 'C:\\Project\\DBT\\dbt-bootcamp\\airbnb', '--target', 'dev']' is 7686
2026-03-09 17:26:31 — INFO — Running dbt command --log-format json run-operation elementary.log_macro_results --args {"macro_name": "elementary_cli.get_sources", "macro_args": {}} --project-dir C:\Project\DBT\dbt-bootcamp\.venv\Lib\site-packages\elementary\monitor\dbt_project --profiles-dir C:\Project\DBT\dbt-bootcamp\airbnb --target dev
2026-03-09 17:26:35 — DEBUG — Result bytes size for command '['--log-format', 'json', 'run-operation', 'elementary.log_macro_results', '--args', '{"macro_name": "elementary_cli.get_sources", "macro_args": {}}', '--project-dir', 'C:\\Project\\DBT\\dbt-bootcamp\\.venv\\Lib\\site-packages\\elementary\\monitor\\dbt_project', '--profiles-dir', 'C:\\Project\\DBT\\dbt-bootcamp\\airbnb', '--target', 'dev']' is 2456
2026-03-09 17:26:35 — INFO — Running dbt command --log-format json run-operation elementary.log_macro_results --args {"macro_name": "elementary_cli.get_exposures", "macro_args": {}} --project-dir C:\Project\DBT\dbt-bootcamp\.venv\Lib\site-packages\elementary\monitor\dbt_project --profiles-dir C:\Project\DBT\dbt-bootcamp\airbnb --target dev
2026-03-09 17:26:38 — DEBUG — Result bytes size for command '['--log-format', 'json', 'run-operation', 'elementary.log_macro_results', '--args', '{"macro_name": "elementary_cli.get_exposures", "macro_args": {}}', '--project-dir', 'C:\\Project\\DBT\\dbt-bootcamp\\.venv\\Lib\\site-packages\\elementary\\monitor\\dbt_project', '--profiles-dir', 'C:\\Project\\DBT\\dbt-bootcamp\\airbnb', '--target', 'dev']' is 402
2026-03-09 17:26:38 — INFO — Running dbt command --log-format json run-operation elementary.log_macro_results --args {"macro_name": "elementary_cli.get_singular_tests", "macro_args": {}} --project-dir C:\Project\DBT\dbt-bootcamp\.venv\Lib\site-packages\elementary\monitor\dbt_project --profiles-dir C:\Project\DBT\dbt-bootcamp\airbnb --target dev
2026-03-09 17:26:41 — DEBUG — Result bytes size for command '['--log-format', 'json', 'run-operation', 'elementary.log_macro_results', '--args', '{"macro_name": "elementary_cli.get_singular_tests", "macro_args": {}}', '--project-dir', 'C:\\Project\\DBT\\dbt-bootcamp\\.venv\\Lib\\site-packages\\elementary\\monitor\\dbt_project', '--profiles-dir', 'C:\\Project\\DBT\\dbt-bootcamp\\airbnb', '--target', 'dev']' is 402
2026-03-09 17:26:41 — INFO — Running dbt command --log-format json run-operation elementary.log_macro_results --args {"macro_name": "elementary_cli.get_models_runs", "macro_args": {"days_back": 7, "exclude_elementary": true}} --project-dir C:\Project\DBT\dbt-bootcamp\.venv\Lib\site-packages\elementary\monitor\dbt_project --profiles-dir C:\Project\DBT\dbt-bootcamp\airbnb --target dev
2026-03-09 17:26:44 — DEBUG — Result bytes size for command '['--log-format', 'json', 'run-operation', 'elementary.log_macro_results', '--args', '{"macro_name": "elementary_cli.get_models_runs", "macro_args": {"days_back": 7, "exclude_elementary": true}}', '--project-dir', 'C:\\Project\\DBT\\dbt-bootcamp\\.venv\\Lib\\site-packages\\elementary\\monitor\\dbt_project', '--profiles-dir', 'C:\\Project\\DBT\\dbt-bootcamp\\airbnb', '--target', 'dev']' is 7926
2026-03-09 17:26:44 — INFO — Running dbt command --log-format json run-operation elementary.log_macro_results --args {"macro_name": "elementary_cli.get_dbt_models_test_coverage", "macro_args": {}} --project-dir C:\Project\DBT\dbt-bootcamp\.venv\Lib\site-packages\elementary\monitor\dbt_project --profiles-dir C:\Project\DBT\dbt-bootcamp\airbnb --target dev
2026-03-09 17:26:47 — DEBUG — Result bytes size for command '['--log-format', 'json', 'run-operation', 'elementary.log_macro_results', '--args', '{"macro_name": "elementary_cli.get_dbt_models_test_coverage", "macro_args": {}}', '--project-dir', 'C:\\Project\\DBT\\dbt-bootcamp\\.venv\\Lib\\site-packages\\elementary\\monitor\\dbt_project', '--profiles-dir', 'C:\\Project\\DBT\\dbt-bootcamp\\airbnb', '--target', 'dev']' is 1146
2026-03-09 17:26:47 — INFO — Running dbt command --log-format json run-operation elementary.log_macro_results --args {"macro_name": "elementary_cli.get_tests", "macro_args": {}} --project-dir C:\Project\DBT\dbt-bootcamp\.venv\Lib\site-packages\elementary\monitor\dbt_project --profiles-dir C:\Project\DBT\dbt-bootcamp\airbnb --target dev
2026-03-09 17:26:49 — DEBUG — Result bytes size for command '['--log-format', 'json', 'run-operation', 'elementary.log_macro_results', '--args', '{"macro_name": "elementary_cli.get_tests", "macro_args": {}}', '--project-dir', 'C:\\Project\\DBT\\dbt-bootcamp\\.venv\\Lib\\site-packages\\elementary\\monitor\\dbt_project', '--profiles-dir', 'C:\\Project\\DBT\\dbt-bootcamp\\airbnb', '--target', 'dev']' is 27194
2026-03-09 17:26:49 — INFO — Running dbt command --log-format json run-operation elementary.log_macro_results --args {"macro_name": "elementary_cli.get_nodes_depends_on_nodes", "macro_args": {"exclude_elementary": true}} --project-dir C:\Project\DBT\dbt-bootcamp\.venv\Lib\site-packages\elementary\monitor\dbt_project --profiles-dir C:\Project\DBT\dbt-bootcamp\airbnb --target dev
2026-03-09 17:26:52 — DEBUG — Result bytes size for command '['--log-format', 'json', 'run-operation', 'elementary.log_macro_results', '--args', '{"macro_name": "elementary_cli.get_nodes_depends_on_nodes", "macro_args": {"exclude_elementary": true}}', '--project-dir', 'C:\\Project\\DBT\\dbt-bootcamp\\.venv\\Lib\\site-packages\\elementary\\monitor\\dbt_project', '--profiles-dir', 'C:\\Project\\DBT\\dbt-bootcamp\\airbnb', '--target', 'dev']' is 5032
2026-03-09 17:26:52 — INFO — Running dbt command --log-format json run-operation elementary.log_macro_results --args {"macro_name": "elementary_cli.get_models_latest_invocation", "macro_args": {}} --project-dir C:\Project\DBT\dbt-bootcamp\.venv\Lib\site-packages\elementary\monitor\dbt_project --profiles-dir C:\Project\DBT\dbt-bootcamp\airbnb --target dev
2026-03-09 17:26:56 — DEBUG — Result bytes size for command '['--log-format', 'json', 'run-operation', 'elementary.log_macro_results', '--args', '{"macro_name": "elementary_cli.get_models_latest_invocation", "macro_args": {}}', '--project-dir', 'C:\\Project\\DBT\\dbt-bootcamp\\.venv\\Lib\\site-packages\\elementary\\monitor\\dbt_project', '--profiles-dir', 'C:\\Project\\DBT\\dbt-bootcamp\\airbnb', '--target', 'dev']' is 8614
2026-03-09 17:26:56 — INFO — Running dbt command --log-format json run-operation elementary.log_macro_results --args {"macro_name": "elementary_cli.get_models_latest_invocations_data", "macro_args": {}} --project-dir C:\Project\DBT\dbt-bootcamp\.venv\Lib\site-packages\elementary\monitor\dbt_project --profiles-dir C:\Project\DBT\dbt-bootcamp\airbnb --target dev
2026-03-09 17:27:01 — DEBUG — Result bytes size for command '['--log-format', 'json', 'run-operation', 'elementary.log_macro_results', '--args', '{"macro_name": "elementary_cli.get_models_latest_invocations_data", "macro_args": {}}', '--project-dir', 'C:\\Project\\DBT\\dbt-bootcamp\\.venv\\Lib\\site-packages\\elementary\\monitor\\dbt_project', '--profiles-dir', 'C:\\Project\\DBT\\dbt-bootcamp\\airbnb', '--target', 'dev']' is 824
2026-03-11 07:22:01 — INFO — Running with edr=0.22.0
2026-03-11 07:22:02 — DEBUG — Running dbt command --log-format json run-operation elementary.log_macro_results --args {"macro_name": "elementary_cli.get_latest_invocation", "macro_args": {}} --project-dir C:\Project\DBT\dbt-bootcamp\.venv\Lib\site-packages\elementary\monitor\dbt_project --profiles-dir C:\Project\DBT\dbt-bootcamp\airbnb --target dev
2026-03-11 07:22:07 — DEBUG — Result bytes size for command '['--log-format', 'json', 'run-operation', 'elementary.log_macro_results', '--args', '{"macro_name": "elementary_cli.get_latest_invocation", "macro_args": {}}', '--project-dir', 'C:\\Project\\DBT\\dbt-bootcamp\\.venv\\Lib\\site-packages\\elementary\\monitor\\dbt_project', '--profiles-dir', 'C:\\Project\\DBT\\dbt-bootcamp\\airbnb', '--target', 'dev']' is 2652
2026-03-11 07:22:07 — DEBUG — Running dbt command --log-format json run-operation elementary.log_macro_results --args {"macro_name": "elementary_cli.get_adapter_type_and_unique_id", "macro_args": {}} --project-dir C:\Project\DBT\dbt-bootcamp\.venv\Lib\site-packages\elementary\monitor\dbt_project --profiles-dir C:\Project\DBT\dbt-bootcamp\airbnb --target dev
2026-03-11 07:22:09 — DEBUG — Result bytes size for command '['--log-format', 'json', 'run-operation', 'elementary.log_macro_results', '--args', '{"macro_name": "elementary_cli.get_adapter_type_and_unique_id", "macro_args": {}}', '--project-dir', 'C:\\Project\\DBT\\dbt-bootcamp\\.venv\\Lib\\site-packages\\elementary\\monitor\\dbt_project', '--profiles-dir', 'C:\\Project\\DBT\\dbt-bootcamp\\airbnb', '--target', 'dev']' is 470
2026-03-11 07:22:09 — INFO — edr (0.22.0) and Elementary's dbt package (0.22.1) are compatible.
2026-03-11 07:22:09 — DEBUG — Running dbt command --log-format json run-operation elementary.log_macro_results --args {"macro_name": "elementary_cli.get_elementary_database_and_schema", "macro_args": {}} --project-dir C:\Project\DBT\dbt-bootcamp\.venv\Lib\site-packages\elementary\monitor\dbt_project --profiles-dir C:\Project\DBT\dbt-bootcamp\airbnb --target dev
2026-03-11 07:22:10 — DEBUG — Result bytes size for command '['--log-format', 'json', 'run-operation', 'elementary.log_macro_results', '--args', '{"macro_name": "elementary_cli.get_elementary_database_and_schema", "macro_args": {}}', '--project-dir', 'C:\\Project\\DBT\\dbt-bootcamp\\.venv\\Lib\\site-packages\\elementary\\monitor\\dbt_project', '--profiles-dir', 'C:\\Project\\DBT\\dbt-bootcamp\\airbnb', '--target', 'dev']' is 426
2026-03-11 07:22:10 — INFO — Elementary's database and schema: 'AIRBNB.DEV'
2026-03-11 07:22:10 — INFO — Running dbt command --log-format json run-operation elementary.log_macro_results --args {"macro_name": "elementary_cli.get_test_results", "macro_args": {"days_back": 7, "invocations_per_test": 720, "disable_passed_test_metrics": false}} --project-dir C:\Project\DBT\dbt-bootcamp\.venv\Lib\site-packages\elementary\monitor\dbt_project --profiles-dir C:\Project\DBT\dbt-bootcamp\airbnb --target dev
2026-03-11 07:22:16 — DEBUG — Result bytes size for command '['--log-format', 'json', 'run-operation', 'elementary.log_macro_results', '--args', '{"macro_name": "elementary_cli.get_test_results", "macro_args": {"days_back": 7, "invocations_per_test": 720, "disable_passed_test_metrics": false}}', '--project-dir', 'C:\\Project\\DBT\\dbt-bootcamp\\.venv\\Lib\\site-packages\\elementary\\monitor\\dbt_project', '--profiles-dir', 'C:\\Project\\DBT\\dbt-bootcamp\\airbnb', '--target', 'dev']' is 93176
2026-03-11 07:22:16 — INFO — Running dbt command --log-format json run-operation elementary.log_macro_results --args {"macro_name": "elementary_cli.get_source_freshness_results", "macro_args": {"days_back": 7, "invocations_per_test": 720}} --project-dir C:\Project\DBT\dbt-bootcamp\.venv\Lib\site-packages\elementary\monitor\dbt_project --profiles-dir C:\Project\DBT\dbt-bootcamp\airbnb --target dev
2026-03-11 07:22:19 — DEBUG — Result bytes size for command '['--log-format', 'json', 'run-operation', 'elementary.log_macro_results', '--args', '{"macro_name": "elementary_cli.get_source_freshness_results", "macro_args": {"days_back": 7, "invocations_per_test": 720}}', '--project-dir', 'C:\\Project\\DBT\\dbt-bootcamp\\.venv\\Lib\\site-packages\\elementary\\monitor\\dbt_project', '--profiles-dir', 'C:\\Project\\DBT\\dbt-bootcamp\\airbnb', '--target', 'dev']' is 402
2026-03-11 07:22:19 — INFO — Running dbt command --log-format json run-operation elementary.log_macro_results --args {"macro_name": "elementary_cli.get_seeds", "macro_args": {}} --project-dir C:\Project\DBT\dbt-bootcamp\.venv\Lib\site-packages\elementary\monitor\dbt_project --profiles-dir C:\Project\DBT\dbt-bootcamp\airbnb --target dev
2026-03-11 07:22:22 — DEBUG — Result bytes size for command '['--log-format', 'json', 'run-operation', 'elementary.log_macro_results', '--args', '{"macro_name": "elementary_cli.get_seeds", "macro_args": {}}', '--project-dir', 'C:\\Project\\DBT\\dbt-bootcamp\\.venv\\Lib\\site-packages\\elementary\\monitor\\dbt_project', '--profiles-dir', 'C:\\Project\\DBT\\dbt-bootcamp\\airbnb', '--target', 'dev']' is 1068
2026-03-11 07:22:22 — INFO — Running dbt command --log-format json run-operation elementary.log_macro_results --args {"macro_name": "elementary_cli.get_snapshots", "macro_args": {}} --project-dir C:\Project\DBT\dbt-bootcamp\.venv\Lib\site-packages\elementary\monitor\dbt_project --profiles-dir C:\Project\DBT\dbt-bootcamp\airbnb --target dev
2026-03-11 07:22:25 — DEBUG — Result bytes size for command '['--log-format', 'json', 'run-operation', 'elementary.log_macro_results', '--args', '{"macro_name": "elementary_cli.get_snapshots", "macro_args": {}}', '--project-dir', 'C:\\Project\\DBT\\dbt-bootcamp\\.venv\\Lib\\site-packages\\elementary\\monitor\\dbt_project', '--profiles-dir', 'C:\\Project\\DBT\\dbt-bootcamp\\airbnb', '--target', 'dev']' is 3232
2026-03-11 07:22:25 — INFO — Running dbt command --log-format json run-operation elementary.log_macro_results --args {"macro_name": "elementary_cli.get_models", "macro_args": {"exclude_elementary": true}} --project-dir C:\Project\DBT\dbt-bootcamp\.venv\Lib\site-packages\elementary\monitor\dbt_project --profiles-dir C:\Project\DBT\dbt-bootcamp\airbnb --target dev
2026-03-11 07:22:30 — DEBUG — Result bytes size for command '['--log-format', 'json', 'run-operation', 'elementary.log_macro_results', '--args', '{"macro_name": "elementary_cli.get_models", "macro_args": {"exclude_elementary": true}}', '--project-dir', 'C:\\Project\\DBT\\dbt-bootcamp\\.venv\\Lib\\site-packages\\elementary\\monitor\\dbt_project', '--profiles-dir', 'C:\\Project\\DBT\\dbt-bootcamp\\airbnb', '--target', 'dev']' is 7686
2026-03-11 07:22:30 — INFO — Running dbt command --log-format json run-operation elementary.log_macro_results --args {"macro_name": "elementary_cli.get_sources", "macro_args": {}} --project-dir C:\Project\DBT\dbt-bootcamp\.venv\Lib\site-packages\elementary\monitor\dbt_project --profiles-dir C:\Project\DBT\dbt-bootcamp\airbnb --target dev
2026-03-11 07:22:33 — DEBUG — Result bytes size for command '['--log-format', 'json', 'run-operation', 'elementary.log_macro_results', '--args', '{"macro_name": "elementary_cli.get_sources", "macro_args": {}}', '--project-dir', 'C:\\Project\\DBT\\dbt-bootcamp\\.venv\\Lib\\site-packages\\elementary\\monitor\\dbt_project', '--profiles-dir', 'C:\\Project\\DBT\\dbt-bootcamp\\airbnb', '--target', 'dev']' is 2456
2026-03-11 07:22:33 — INFO — Running dbt command --log-format json run-operation elementary.log_macro_results --args {"macro_name": "elementary_cli.get_exposures", "macro_args": {}} --project-dir C:\Project\DBT\dbt-bootcamp\.venv\Lib\site-packages\elementary\monitor\dbt_project --profiles-dir C:\Project\DBT\dbt-bootcamp\airbnb --target dev
2026-03-11 07:22:35 — DEBUG — Result bytes size for command '['--log-format', 'json', 'run-operation', 'elementary.log_macro_results', '--args', '{"macro_name": "elementary_cli.get_exposures", "macro_args": {}}', '--project-dir', 'C:\\Project\\DBT\\dbt-bootcamp\\.venv\\Lib\\site-packages\\elementary\\monitor\\dbt_project', '--profiles-dir', 'C:\\Project\\DBT\\dbt-bootcamp\\airbnb', '--target', 'dev']' is 402
2026-03-11 07:22:35 — INFO — Running dbt command --log-format json run-operation elementary.log_macro_results --args {"macro_name": "elementary_cli.get_singular_tests", "macro_args": {}} --project-dir C:\Project\DBT\dbt-bootcamp\.venv\Lib\site-packages\elementary\monitor\dbt_project --profiles-dir C:\Project\DBT\dbt-bootcamp\airbnb --target dev
2026-03-11 07:22:37 — DEBUG — Result bytes size for command '['--log-format', 'json', 'run-operation', 'elementary.log_macro_results', '--args', '{"macro_name": "elementary_cli.get_singular_tests", "macro_args": {}}', '--project-dir', 'C:\\Project\\DBT\\dbt-bootcamp\\.venv\\Lib\\site-packages\\elementary\\monitor\\dbt_project', '--profiles-dir', 'C:\\Project\\DBT\\dbt-bootcamp\\airbnb', '--target', 'dev']' is 402
2026-03-11 07:22:37 — INFO — Running dbt command --log-format json run-operation elementary.log_macro_results --args {"macro_name": "elementary_cli.get_models_runs", "macro_args": {"days_back": 7, "exclude_elementary": true}} --project-dir C:\Project\DBT\dbt-bootcamp\.venv\Lib\site-packages\elementary\monitor\dbt_project --profiles-dir C:\Project\DBT\dbt-bootcamp\airbnb --target dev
2026-03-11 07:22:40 — DEBUG — Result bytes size for command '['--log-format', 'json', 'run-operation', 'elementary.log_macro_results', '--args', '{"macro_name": "elementary_cli.get_models_runs", "macro_args": {"days_back": 7, "exclude_elementary": true}}', '--project-dir', 'C:\\Project\\DBT\\dbt-bootcamp\\.venv\\Lib\\site-packages\\elementary\\monitor\\dbt_project', '--profiles-dir', 'C:\\Project\\DBT\\dbt-bootcamp\\airbnb', '--target', 'dev']' is 7926
2026-03-11 07:22:40 — INFO — Running dbt command --log-format json run-operation elementary.log_macro_results --args {"macro_name": "elementary_cli.get_dbt_models_test_coverage", "macro_args": {}} --project-dir C:\Project\DBT\dbt-bootcamp\.venv\Lib\site-packages\elementary\monitor\dbt_project --profiles-dir C:\Project\DBT\dbt-bootcamp\airbnb --target dev
2026-03-11 07:22:43 — DEBUG — Result bytes size for command '['--log-format', 'json', 'run-operation', 'elementary.log_macro_results', '--args', '{"macro_name": "elementary_cli.get_dbt_models_test_coverage", "macro_args": {}}', '--project-dir', 'C:\\Project\\DBT\\dbt-bootcamp\\.venv\\Lib\\site-packages\\elementary\\monitor\\dbt_project', '--profiles-dir', 'C:\\Project\\DBT\\dbt-bootcamp\\airbnb', '--target', 'dev']' is 1146
2026-03-11 07:22:43 — INFO — Running dbt command --log-format json run-operation elementary.log_macro_results --args {"macro_name": "elementary_cli.get_tests", "macro_args": {}} --project-dir C:\Project\DBT\dbt-bootcamp\.venv\Lib\site-packages\elementary\monitor\dbt_project --profiles-dir C:\Project\DBT\dbt-bootcamp\airbnb --target dev
2026-03-11 07:22:46 — DEBUG — Result bytes size for command '['--log-format', 'json', 'run-operation', 'elementary.log_macro_results', '--args', '{"macro_name": "elementary_cli.get_tests", "macro_args": {}}', '--project-dir', 'C:\\Project\\DBT\\dbt-bootcamp\\.venv\\Lib\\site-packages\\elementary\\monitor\\dbt_project', '--profiles-dir', 'C:\\Project\\DBT\\dbt-bootcamp\\airbnb', '--target', 'dev']' is 27194
2026-03-11 07:22:46 — INFO — Running dbt command --log-format json run-operation elementary.log_macro_results --args {"macro_name": "elementary_cli.get_nodes_depends_on_nodes", "macro_args": {"exclude_elementary": true}} --project-dir C:\Project\DBT\dbt-bootcamp\.venv\Lib\site-packages\elementary\monitor\dbt_project --profiles-dir C:\Project\DBT\dbt-bootcamp\airbnb --target dev
2026-03-11 07:22:48 — DEBUG — Result bytes size for command '['--log-format', 'json', 'run-operation', 'elementary.log_macro_results', '--args', '{"macro_name": "elementary_cli.get_nodes_depends_on_nodes", "macro_args": {"exclude_elementary": true}}', '--project-dir', 'C:\\Project\\DBT\\dbt-bootcamp\\.venv\\Lib\\site-packages\\elementary\\monitor\\dbt_project', '--profiles-dir', 'C:\\Project\\DBT\\dbt-bootcamp\\airbnb', '--target', 'dev']' is 5032
2026-03-11 07:22:48 — INFO — Running dbt command --log-format json run-operation elementary.log_macro_results --args {"macro_name": "elementary_cli.get_models_latest_invocation", "macro_args": {}} --project-dir C:\Project\DBT\dbt-bootcamp\.venv\Lib\site-packages\elementary\monitor\dbt_project --profiles-dir C:\Project\DBT\dbt-bootcamp\airbnb --target dev
2026-03-11 07:22:50 — DEBUG — Result bytes size for command '['--log-format', 'json', 'run-operation', 'elementary.log_macro_results', '--args', '{"macro_name": "elementary_cli.get_models_latest_invocation", "macro_args": {}}', '--project-dir', 'C:\\Project\\DBT\\dbt-bootcamp\\.venv\\Lib\\site-packages\\elementary\\monitor\\dbt_project', '--profiles-dir', 'C:\\Project\\DBT\\dbt-bootcamp\\airbnb', '--target', 'dev']' is 8614
2026-03-11 07:22:50 — INFO — Running dbt command --log-format json run-operation elementary.log_macro_results --args {"macro_name": "elementary_cli.get_models_latest_invocations_data", "macro_args": {}} --project-dir C:\Project\DBT\dbt-bootcamp\.venv\Lib\site-packages\elementary\monitor\dbt_project --profiles-dir C:\Project\DBT\dbt-bootcamp\airbnb --target dev
2026-03-11 07:22:53 — DEBUG — Result bytes size for command '['--log-format', 'json', 'run-operation', 'elementary.log_macro_results', '--args', '{"macro_name": "elementary_cli.get_models_latest_invocations_data", "macro_args": {}}', '--project-dir', 'C:\\Project\\DBT\\dbt-bootcamp\\.venv\\Lib\\site-packages\\elementary\\monitor\\dbt_project', '--profiles-dir', 'C:\\Project\\DBT\\dbt-bootcamp\\airbnb', '--target', 'dev']' is 824
2026-03-18 09:08:50 — INFO — Running with edr=0.22.0
2026-03-18 09:08:51 — DEBUG — Running dbt command --log-format json run-operation elementary.log_macro_results --args {"macro_name": "elementary_cli.get_latest_invocation", "macro_args": {}} --project-dir C:\Project\DBT\dbt-bootcamp\.venv\Lib\site-packages\elementary\monitor\dbt_project
[31;20m2026-03-18 09:08:52 — ERROR — Unable to get the latest invocation: Failed to run dbt command.
Runtime Error
  Could not find profile named 'elementary'[0m
2026-03-18 09:08:52 — DEBUG — Running dbt command --log-format json run-operation elementary.log_macro_results --args {"macro_name": "elementary_cli.get_adapter_type_and_unique_id", "macro_args": {}} --project-dir C:\Project\DBT\dbt-bootcamp\.venv\Lib\site-packages\elementary\monitor\dbt_project
2026-03-18 09:08:53 — DEBUG — Could not get warehouse info.
Traceback (most recent call last):
  File "C:\Project\DBT\dbt-bootcamp\.venv\Lib\site-packages\elementary\monitor\data_monitoring\data_monitoring.py", line 142, in _get_warehouse_info
    self.internal_dbt_runner.run_operation(
  File "C:\Project\DBT\dbt-bootcamp\.venv\Lib\site-packages\elementary\clients\dbt\command_line_dbt_runner.py", line 178, in run_operation
    result = self._run_command(
             ^^^^^^^^^^^^^^^^^^
  File "C:\Project\DBT\dbt-bootcamp\.venv\Lib\site-packages\elementary\clients\dbt\command_line_dbt_runner.py", line 115, in _run_command
    result = self._inner_run_command(
             ^^^^^^^^^^^^^^^^^^^^^^^^
  File "C:\Project\DBT\dbt-bootcamp\.venv\Lib\site-packages\elementary\clients\dbt\api_dbt_runner.py", line 54, in _inner_run_command
    raise DbtCommandError(
elementary.exceptions.exceptions.DbtCommandError: Failed to run dbt command.
Runtime Error
  Could not find profile named 'elementary'
2026-03-18 09:08:53 — DEBUG — Running dbt command --log-format json run-operation elementary.log_macro_results --args {"macro_name": "elementary_cli.get_elementary_database_and_schema", "macro_args": {}} --project-dir C:\Project\DBT\dbt-bootcamp\.venv\Lib\site-packages\elementary\monitor\dbt_project
[31;20m2026-03-18 09:08:54 — ERROR — Failed to parse Elementary's database and schema.[0m
2026-03-18 09:08:54 — INFO — Running dbt command --log-format json run-operation elementary.log_macro_results --args {"macro_name": "elementary_cli.get_test_results", "macro_args": {"days_back": 7, "invocations_per_test": 720, "disable_passed_test_metrics": false}} --project-dir C:\Project\DBT\dbt-bootcamp\.venv\Lib\site-packages\elementary\monitor\dbt_project
[31;20m2026-03-18 09:08:54 — ERROR — Could not generate the report - Error: Failed to run dbt command.
Runtime Error
  Could not find profile named 'elementary'
Please reach out to our community for help with this issue.[0m
Traceback (most recent call last):
  File "C:\Project\DBT\dbt-bootcamp\.venv\Lib\site-packages\elementary\monitor\api\report\report.py", line 84, in get_report_data
    tests_api = TestsAPI(
                ^^^^^^^^^
  File "C:\Project\DBT\dbt-bootcamp\.venv\Lib\site-packages\elementary\monitor\api\tests\tests.py", line 52, in __init__
    self.test_results_db_rows = self._get_test_results_db_rows(
                                ^^^^^^^^^^^^^^^^^^^^^^^^^^^^^^^
  File "C:\Project\DBT\dbt-bootcamp\.venv\Lib\site-packages\elementary\monitor\api\tests\tests.py", line 64, in _get_test_results_db_rows
    return self.tests_fetcher.get_all_test_results_db_rows(
           ^^^^^^^^^^^^^^^^^^^^^^^^^^^^^^^^^^^^^^^^^^^^^^^^
  File "C:\Project\DBT\dbt-bootcamp\.venv\Lib\site-packages\elementary\monitor\fetchers\tests\tests.py", line 26, in get_all_test_results_db_rows
    run_operation_response = self.dbt_runner.run_operation(
                             ^^^^^^^^^^^^^^^^^^^^^^^^^^^^^^
  File "C:\Project\DBT\dbt-bootcamp\.venv\Lib\site-packages\elementary\clients\dbt\command_line_dbt_runner.py", line 178, in run_operation
    result = self._run_command(
             ^^^^^^^^^^^^^^^^^^
  File "C:\Project\DBT\dbt-bootcamp\.venv\Lib\site-packages\elementary\clients\dbt\command_line_dbt_runner.py", line 115, in _run_command
    result = self._inner_run_command(
             ^^^^^^^^^^^^^^^^^^^^^^^^
  File "C:\Project\DBT\dbt-bootcamp\.venv\Lib\site-packages\elementary\clients\dbt\api_dbt_runner.py", line 54, in _inner_run_command
    raise DbtCommandError(
elementary.exceptions.exceptions.DbtCommandError: Failed to run dbt command.
Runtime Error
  Could not find profile named 'elementary'
2026-03-18 09:12:38 — INFO — Running with edr=0.22.0
2026-03-18 09:12:40 — DEBUG — Running dbt command --log-format json run-operation elementary.log_macro_results --args {"macro_name": "elementary_cli.get_latest_invocation", "macro_args": {}} --project-dir C:\Project\DBT\dbt-bootcamp\.venv\Lib\site-packages\elementary\monitor\dbt_project
[31;20m2026-03-18 09:12:40 — ERROR — Unable to get the latest invocation: Failed to run dbt command.
Runtime Error
  Could not find profile named 'elementary'[0m
2026-03-18 09:12:40 — DEBUG — Running dbt command --log-format json run-operation elementary.log_macro_results --args {"macro_name": "elementary_cli.get_adapter_type_and_unique_id", "macro_args": {}} --project-dir C:\Project\DBT\dbt-bootcamp\.venv\Lib\site-packages\elementary\monitor\dbt_project
2026-03-18 09:12:41 — DEBUG — Could not get warehouse info.
Traceback (most recent call last):
  File "C:\Project\DBT\dbt-bootcamp\.venv\Lib\site-packages\elementary\monitor\data_monitoring\data_monitoring.py", line 142, in _get_warehouse_info
    self.internal_dbt_runner.run_operation(
  File "C:\Project\DBT\dbt-bootcamp\.venv\Lib\site-packages\elementary\clients\dbt\command_line_dbt_runner.py", line 178, in run_operation
    result = self._run_command(
             ^^^^^^^^^^^^^^^^^^
  File "C:\Project\DBT\dbt-bootcamp\.venv\Lib\site-packages\elementary\clients\dbt\command_line_dbt_runner.py", line 115, in _run_command
    result = self._inner_run_command(
             ^^^^^^^^^^^^^^^^^^^^^^^^
  File "C:\Project\DBT\dbt-bootcamp\.venv\Lib\site-packages\elementary\clients\dbt\api_dbt_runner.py", line 54, in _inner_run_command
    raise DbtCommandError(
elementary.exceptions.exceptions.DbtCommandError: Failed to run dbt command.
Runtime Error
  Could not find profile named 'elementary'
2026-03-18 09:12:41 — DEBUG — Running dbt command --log-format json run-operation elementary.log_macro_results --args {"macro_name": "elementary_cli.get_elementary_database_and_schema", "macro_args": {}} --project-dir C:\Project\DBT\dbt-bootcamp\.venv\Lib\site-packages\elementary\monitor\dbt_project
[31;20m2026-03-18 09:12:42 — ERROR — Failed to parse Elementary's database and schema.[0m
2026-03-18 09:12:42 — INFO — Running dbt command --log-format json run-operation elementary.log_macro_results --args {"macro_name": "elementary_cli.get_test_results", "macro_args": {"days_back": 7, "invocations_per_test": 720, "disable_passed_test_metrics": false}} --project-dir C:\Project\DBT\dbt-bootcamp\.venv\Lib\site-packages\elementary\monitor\dbt_project
[31;20m2026-03-18 09:12:43 — ERROR — Could not generate the report - Error: Failed to run dbt command.
Runtime Error
  Could not find profile named 'elementary'
Please reach out to our community for help with this issue.[0m
Traceback (most recent call last):
  File "C:\Project\DBT\dbt-bootcamp\.venv\Lib\site-packages\elementary\monitor\api\report\report.py", line 84, in get_report_data
    tests_api = TestsAPI(
                ^^^^^^^^^
  File "C:\Project\DBT\dbt-bootcamp\.venv\Lib\site-packages\elementary\monitor\api\tests\tests.py", line 52, in __init__
    self.test_results_db_rows = self._get_test_results_db_rows(
                                ^^^^^^^^^^^^^^^^^^^^^^^^^^^^^^^
  File "C:\Project\DBT\dbt-bootcamp\.venv\Lib\site-packages\elementary\monitor\api\tests\tests.py", line 64, in _get_test_results_db_rows
    return self.tests_fetcher.get_all_test_results_db_rows(
           ^^^^^^^^^^^^^^^^^^^^^^^^^^^^^^^^^^^^^^^^^^^^^^^^
  File "C:\Project\DBT\dbt-bootcamp\.venv\Lib\site-packages\elementary\monitor\fetchers\tests\tests.py", line 26, in get_all_test_results_db_rows
    run_operation_response = self.dbt_runner.run_operation(
                             ^^^^^^^^^^^^^^^^^^^^^^^^^^^^^^
  File "C:\Project\DBT\dbt-bootcamp\.venv\Lib\site-packages\elementary\clients\dbt\command_line_dbt_runner.py", line 178, in run_operation
    result = self._run_command(
             ^^^^^^^^^^^^^^^^^^
  File "C:\Project\DBT\dbt-bootcamp\.venv\Lib\site-packages\elementary\clients\dbt\command_line_dbt_runner.py", line 115, in _run_command
    result = self._inner_run_command(
             ^^^^^^^^^^^^^^^^^^^^^^^^
  File "C:\Project\DBT\dbt-bootcamp\.venv\Lib\site-packages\elementary\clients\dbt\api_dbt_runner.py", line 54, in _inner_run_command
    raise DbtCommandError(
elementary.exceptions.exceptions.DbtCommandError: Failed to run dbt command.
Runtime Error
  Could not find profile named 'elementary'
2026-03-18 09:14:46 — INFO — Running with edr=0.22.0
2026-03-18 09:14:47 — DEBUG — Running dbt command --log-format json run-operation elementary.log_macro_results --args {"macro_name": "elementary_cli.get_latest_invocation", "macro_args": {}} --project-dir C:\Project\DBT\dbt-bootcamp\.venv\Lib\site-packages\elementary\monitor\dbt_project --profiles-dir C:\Project\DBT\dbt-bootcamp\airbnb
2026-03-18 09:14:58 — DEBUG — Result bytes size for command '['--log-format', 'json', 'run-operation', 'elementary.log_macro_results', '--args', '{"macro_name": "elementary_cli.get_latest_invocation", "macro_args": {}}', '--project-dir', 'C:\\Project\\DBT\\dbt-bootcamp\\.venv\\Lib\\site-packages\\elementary\\monitor\\dbt_project', '--profiles-dir', 'C:\\Project\\DBT\\dbt-bootcamp\\airbnb']' is 2654
2026-03-18 09:14:58 — DEBUG — Running dbt command --log-format json run-operation elementary.log_macro_results --args {"macro_name": "elementary_cli.get_adapter_type_and_unique_id", "macro_args": {}} --project-dir C:\Project\DBT\dbt-bootcamp\.venv\Lib\site-packages\elementary\monitor\dbt_project --profiles-dir C:\Project\DBT\dbt-bootcamp\airbnb
2026-03-18 09:14:59 — DEBUG — Result bytes size for command '['--log-format', 'json', 'run-operation', 'elementary.log_macro_results', '--args', '{"macro_name": "elementary_cli.get_adapter_type_and_unique_id", "macro_args": {}}', '--project-dir', 'C:\\Project\\DBT\\dbt-bootcamp\\.venv\\Lib\\site-packages\\elementary\\monitor\\dbt_project', '--profiles-dir', 'C:\\Project\\DBT\\dbt-bootcamp\\airbnb']' is 470
2026-03-18 09:14:59 — INFO — edr (0.22.0) and Elementary's dbt package (0.22.1) are compatible.
2026-03-18 09:14:59 — DEBUG — Running dbt command --log-format json run-operation elementary.log_macro_results --args {"macro_name": "elementary_cli.get_elementary_database_and_schema", "macro_args": {}} --project-dir C:\Project\DBT\dbt-bootcamp\.venv\Lib\site-packages\elementary\monitor\dbt_project --profiles-dir C:\Project\DBT\dbt-bootcamp\airbnb
2026-03-18 09:15:01 — DEBUG — Result bytes size for command '['--log-format', 'json', 'run-operation', 'elementary.log_macro_results', '--args', '{"macro_name": "elementary_cli.get_elementary_database_and_schema", "macro_args": {}}', '--project-dir', 'C:\\Project\\DBT\\dbt-bootcamp\\.venv\\Lib\\site-packages\\elementary\\monitor\\dbt_project', '--profiles-dir', 'C:\\Project\\DBT\\dbt-bootcamp\\airbnb']' is 426
2026-03-18 09:15:01 — INFO — Elementary's database and schema: 'AIRBNB.DEV'
2026-03-18 09:15:01 — INFO — Running dbt command --log-format json run-operation elementary.log_macro_results --args {"macro_name": "elementary_cli.get_test_results", "macro_args": {"days_back": 7, "invocations_per_test": 720, "disable_passed_test_metrics": false}} --project-dir C:\Project\DBT\dbt-bootcamp\.venv\Lib\site-packages\elementary\monitor\dbt_project --profiles-dir C:\Project\DBT\dbt-bootcamp\airbnb
2026-03-18 09:15:06 — DEBUG — Result bytes size for command '['--log-format', 'json', 'run-operation', 'elementary.log_macro_results', '--args', '{"macro_name": "elementary_cli.get_test_results", "macro_args": {"days_back": 7, "invocations_per_test": 720, "disable_passed_test_metrics": false}}', '--project-dir', 'C:\\Project\\DBT\\dbt-bootcamp\\.venv\\Lib\\site-packages\\elementary\\monitor\\dbt_project', '--profiles-dir', 'C:\\Project\\DBT\\dbt-bootcamp\\airbnb']' is 49900
2026-03-18 09:15:06 — INFO — Running dbt command --log-format json run-operation elementary.log_macro_results --args {"macro_name": "elementary_cli.get_source_freshness_results", "macro_args": {"days_back": 7, "invocations_per_test": 720}} --project-dir C:\Project\DBT\dbt-bootcamp\.venv\Lib\site-packages\elementary\monitor\dbt_project --profiles-dir C:\Project\DBT\dbt-bootcamp\airbnb
2026-03-18 09:15:08 — DEBUG — Result bytes size for command '['--log-format', 'json', 'run-operation', 'elementary.log_macro_results', '--args', '{"macro_name": "elementary_cli.get_source_freshness_results", "macro_args": {"days_back": 7, "invocations_per_test": 720}}', '--project-dir', 'C:\\Project\\DBT\\dbt-bootcamp\\.venv\\Lib\\site-packages\\elementary\\monitor\\dbt_project', '--profiles-dir', 'C:\\Project\\DBT\\dbt-bootcamp\\airbnb']' is 2768
2026-03-18 09:15:08 — INFO — Running dbt command --log-format json run-operation elementary.log_macro_results --args {"macro_name": "elementary_cli.get_seeds", "macro_args": {}} --project-dir C:\Project\DBT\dbt-bootcamp\.venv\Lib\site-packages\elementary\monitor\dbt_project --profiles-dir C:\Project\DBT\dbt-bootcamp\airbnb
2026-03-18 09:15:09 — DEBUG — Result bytes size for command '['--log-format', 'json', 'run-operation', 'elementary.log_macro_results', '--args', '{"macro_name": "elementary_cli.get_seeds", "macro_args": {}}', '--project-dir', 'C:\\Project\\DBT\\dbt-bootcamp\\.venv\\Lib\\site-packages\\elementary\\monitor\\dbt_project', '--profiles-dir', 'C:\\Project\\DBT\\dbt-bootcamp\\airbnb']' is 1068
2026-03-18 09:15:09 — INFO — Running dbt command --log-format json run-operation elementary.log_macro_results --args {"macro_name": "elementary_cli.get_snapshots", "macro_args": {}} --project-dir C:\Project\DBT\dbt-bootcamp\.venv\Lib\site-packages\elementary\monitor\dbt_project --profiles-dir C:\Project\DBT\dbt-bootcamp\airbnb
2026-03-18 09:15:12 — DEBUG — Result bytes size for command '['--log-format', 'json', 'run-operation', 'elementary.log_macro_results', '--args', '{"macro_name": "elementary_cli.get_snapshots", "macro_args": {}}', '--project-dir', 'C:\\Project\\DBT\\dbt-bootcamp\\.venv\\Lib\\site-packages\\elementary\\monitor\\dbt_project', '--profiles-dir', 'C:\\Project\\DBT\\dbt-bootcamp\\airbnb']' is 3232
2026-03-18 09:15:12 — INFO — Running dbt command --log-format json run-operation elementary.log_macro_results --args {"macro_name": "elementary_cli.get_models", "macro_args": {"exclude_elementary": true}} --project-dir C:\Project\DBT\dbt-bootcamp\.venv\Lib\site-packages\elementary\monitor\dbt_project --profiles-dir C:\Project\DBT\dbt-bootcamp\airbnb
2026-03-18 09:15:14 — DEBUG — Result bytes size for command '['--log-format', 'json', 'run-operation', 'elementary.log_macro_results', '--args', '{"macro_name": "elementary_cli.get_models", "macro_args": {"exclude_elementary": true}}', '--project-dir', 'C:\\Project\\DBT\\dbt-bootcamp\\.venv\\Lib\\site-packages\\elementary\\monitor\\dbt_project', '--profiles-dir', 'C:\\Project\\DBT\\dbt-bootcamp\\airbnb']' is 7686
2026-03-18 09:15:14 — INFO — Running dbt command --log-format json run-operation elementary.log_macro_results --args {"macro_name": "elementary_cli.get_sources", "macro_args": {}} --project-dir C:\Project\DBT\dbt-bootcamp\.venv\Lib\site-packages\elementary\monitor\dbt_project --profiles-dir C:\Project\DBT\dbt-bootcamp\airbnb
2026-03-18 09:15:16 — DEBUG — Result bytes size for command '['--log-format', 'json', 'run-operation', 'elementary.log_macro_results', '--args', '{"macro_name": "elementary_cli.get_sources", "macro_args": {}}', '--project-dir', 'C:\\Project\\DBT\\dbt-bootcamp\\.venv\\Lib\\site-packages\\elementary\\monitor\\dbt_project', '--profiles-dir', 'C:\\Project\\DBT\\dbt-bootcamp\\airbnb']' is 2456
2026-03-18 09:15:16 — INFO — Running dbt command --log-format json run-operation elementary.log_macro_results --args {"macro_name": "elementary_cli.get_exposures", "macro_args": {}} --project-dir C:\Project\DBT\dbt-bootcamp\.venv\Lib\site-packages\elementary\monitor\dbt_project --profiles-dir C:\Project\DBT\dbt-bootcamp\airbnb
2026-03-18 09:15:18 — DEBUG — Result bytes size for command '['--log-format', 'json', 'run-operation', 'elementary.log_macro_results', '--args', '{"macro_name": "elementary_cli.get_exposures", "macro_args": {}}', '--project-dir', 'C:\\Project\\DBT\\dbt-bootcamp\\.venv\\Lib\\site-packages\\elementary\\monitor\\dbt_project', '--profiles-dir', 'C:\\Project\\DBT\\dbt-bootcamp\\airbnb']' is 402
2026-03-18 09:15:18 — INFO — Running dbt command --log-format json run-operation elementary.log_macro_results --args {"macro_name": "elementary_cli.get_singular_tests", "macro_args": {}} --project-dir C:\Project\DBT\dbt-bootcamp\.venv\Lib\site-packages\elementary\monitor\dbt_project --profiles-dir C:\Project\DBT\dbt-bootcamp\airbnb
2026-03-18 09:15:20 — DEBUG — Result bytes size for command '['--log-format', 'json', 'run-operation', 'elementary.log_macro_results', '--args', '{"macro_name": "elementary_cli.get_singular_tests", "macro_args": {}}', '--project-dir', 'C:\\Project\\DBT\\dbt-bootcamp\\.venv\\Lib\\site-packages\\elementary\\monitor\\dbt_project', '--profiles-dir', 'C:\\Project\\DBT\\dbt-bootcamp\\airbnb']' is 402
2026-03-18 09:15:20 — INFO — Running dbt command --log-format json run-operation elementary.log_macro_results --args {"macro_name": "elementary_cli.get_models_runs", "macro_args": {"days_back": 7, "exclude_elementary": true}} --project-dir C:\Project\DBT\dbt-bootcamp\.venv\Lib\site-packages\elementary\monitor\dbt_project --profiles-dir C:\Project\DBT\dbt-bootcamp\airbnb
2026-03-18 09:15:23 — DEBUG — Result bytes size for command '['--log-format', 'json', 'run-operation', 'elementary.log_macro_results', '--args', '{"macro_name": "elementary_cli.get_models_runs", "macro_args": {"days_back": 7, "exclude_elementary": true}}', '--project-dir', 'C:\\Project\\DBT\\dbt-bootcamp\\.venv\\Lib\\site-packages\\elementary\\monitor\\dbt_project', '--profiles-dir', 'C:\\Project\\DBT\\dbt-bootcamp\\airbnb']' is 10272
2026-03-18 09:15:23 — INFO — Running dbt command --log-format json run-operation elementary.log_macro_results --args {"macro_name": "elementary_cli.get_dbt_models_test_coverage", "macro_args": {}} --project-dir C:\Project\DBT\dbt-bootcamp\.venv\Lib\site-packages\elementary\monitor\dbt_project --profiles-dir C:\Project\DBT\dbt-bootcamp\airbnb
2026-03-18 09:15:25 — DEBUG — Result bytes size for command '['--log-format', 'json', 'run-operation', 'elementary.log_macro_results', '--args', '{"macro_name": "elementary_cli.get_dbt_models_test_coverage", "macro_args": {}}', '--project-dir', 'C:\\Project\\DBT\\dbt-bootcamp\\.venv\\Lib\\site-packages\\elementary\\monitor\\dbt_project', '--profiles-dir', 'C:\\Project\\DBT\\dbt-bootcamp\\airbnb']' is 1146
2026-03-18 09:15:25 — INFO — Running dbt command --log-format json run-operation elementary.log_macro_results --args {"macro_name": "elementary_cli.get_tests", "macro_args": {}} --project-dir C:\Project\DBT\dbt-bootcamp\.venv\Lib\site-packages\elementary\monitor\dbt_project --profiles-dir C:\Project\DBT\dbt-bootcamp\airbnb
2026-03-18 09:15:28 — DEBUG — Result bytes size for command '['--log-format', 'json', 'run-operation', 'elementary.log_macro_results', '--args', '{"macro_name": "elementary_cli.get_tests", "macro_args": {}}', '--project-dir', 'C:\\Project\\DBT\\dbt-bootcamp\\.venv\\Lib\\site-packages\\elementary\\monitor\\dbt_project', '--profiles-dir', 'C:\\Project\\DBT\\dbt-bootcamp\\airbnb']' is 27194
2026-03-18 09:15:28 — INFO — Running dbt command --log-format json run-operation elementary.log_macro_results --args {"macro_name": "elementary_cli.get_nodes_depends_on_nodes", "macro_args": {"exclude_elementary": true}} --project-dir C:\Project\DBT\dbt-bootcamp\.venv\Lib\site-packages\elementary\monitor\dbt_project --profiles-dir C:\Project\DBT\dbt-bootcamp\airbnb
2026-03-18 09:15:31 — DEBUG — Result bytes size for command '['--log-format', 'json', 'run-operation', 'elementary.log_macro_results', '--args', '{"macro_name": "elementary_cli.get_nodes_depends_on_nodes", "macro_args": {"exclude_elementary": true}}', '--project-dir', 'C:\\Project\\DBT\\dbt-bootcamp\\.venv\\Lib\\site-packages\\elementary\\monitor\\dbt_project', '--profiles-dir', 'C:\\Project\\DBT\\dbt-bootcamp\\airbnb']' is 5032
2026-03-18 09:15:31 — INFO — Running dbt command --log-format json run-operation elementary.log_macro_results --args {"macro_name": "elementary_cli.get_models_latest_invocation", "macro_args": {}} --project-dir C:\Project\DBT\dbt-bootcamp\.venv\Lib\site-packages\elementary\monitor\dbt_project --profiles-dir C:\Project\DBT\dbt-bootcamp\airbnb
2026-03-18 09:15:33 — DEBUG — Result bytes size for command '['--log-format', 'json', 'run-operation', 'elementary.log_macro_results', '--args', '{"macro_name": "elementary_cli.get_models_latest_invocation", "macro_args": {}}', '--project-dir', 'C:\\Project\\DBT\\dbt-bootcamp\\.venv\\Lib\\site-packages\\elementary\\monitor\\dbt_project', '--profiles-dir', 'C:\\Project\\DBT\\dbt-bootcamp\\airbnb']' is 8614
2026-03-18 09:15:33 — INFO — Running dbt command --log-format json run-operation elementary.log_macro_results --args {"macro_name": "elementary_cli.get_models_latest_invocations_data", "macro_args": {}} --project-dir C:\Project\DBT\dbt-bootcamp\.venv\Lib\site-packages\elementary\monitor\dbt_project --profiles-dir C:\Project\DBT\dbt-bootcamp\airbnb
2026-03-18 09:15:35 — DEBUG — Result bytes size for command '['--log-format', 'json', 'run-operation', 'elementary.log_macro_results', '--args', '{"macro_name": "elementary_cli.get_models_latest_invocations_data", "macro_args": {}}', '--project-dir', 'C:\\Project\\DBT\\dbt-bootcamp\\.venv\\Lib\\site-packages\\elementary\\monitor\\dbt_project', '--profiles-dir', 'C:\\Project\\DBT\\dbt-bootcamp\\airbnb']' is 824
2026-03-18 09:15:40 — INFO — Running with edr=0.22.0
2026-03-18 09:15:41 — DEBUG — Running dbt command --log-format json run-operation elementary.log_macro_results --args {"macro_name": "elementary_cli.get_latest_invocation", "macro_args": {}} --project-dir C:\Project\DBT\dbt-bootcamp\.venv\Lib\site-packages\elementary\monitor\dbt_project --profiles-dir C:\Project\DBT\dbt-bootcamp\airbnb
2026-03-18 09:15:48 — DEBUG — Result bytes size for command '['--log-format', 'json', 'run-operation', 'elementary.log_macro_results', '--args', '{"macro_name": "elementary_cli.get_latest_invocation", "macro_args": {}}', '--project-dir', 'C:\\Project\\DBT\\dbt-bootcamp\\.venv\\Lib\\site-packages\\elementary\\monitor\\dbt_project', '--profiles-dir', 'C:\\Project\\DBT\\dbt-bootcamp\\airbnb']' is 2654
2026-03-18 09:15:48 — DEBUG — Running dbt command --log-format json run-operation elementary.log_macro_results --args {"macro_name": "elementary_cli.get_adapter_type_and_unique_id", "macro_args": {}} --project-dir C:\Project\DBT\dbt-bootcamp\.venv\Lib\site-packages\elementary\monitor\dbt_project --profiles-dir C:\Project\DBT\dbt-bootcamp\airbnb
2026-03-18 09:15:49 — DEBUG — Result bytes size for command '['--log-format', 'json', 'run-operation', 'elementary.log_macro_results', '--args', '{"macro_name": "elementary_cli.get_adapter_type_and_unique_id", "macro_args": {}}', '--project-dir', 'C:\\Project\\DBT\\dbt-bootcamp\\.venv\\Lib\\site-packages\\elementary\\monitor\\dbt_project', '--profiles-dir', 'C:\\Project\\DBT\\dbt-bootcamp\\airbnb']' is 470
2026-03-18 09:15:49 — INFO — edr (0.22.0) and Elementary's dbt package (0.22.1) are compatible.
2026-03-18 09:15:49 — DEBUG — Running dbt command --log-format json run-operation elementary.log_macro_results --args {"macro_name": "elementary_cli.get_elementary_database_and_schema", "macro_args": {}} --project-dir C:\Project\DBT\dbt-bootcamp\.venv\Lib\site-packages\elementary\monitor\dbt_project --profiles-dir C:\Project\DBT\dbt-bootcamp\airbnb
2026-03-18 09:15:52 — DEBUG — Result bytes size for command '['--log-format', 'json', 'run-operation', 'elementary.log_macro_results', '--args', '{"macro_name": "elementary_cli.get_elementary_database_and_schema", "macro_args": {}}', '--project-dir', 'C:\\Project\\DBT\\dbt-bootcamp\\.venv\\Lib\\site-packages\\elementary\\monitor\\dbt_project', '--profiles-dir', 'C:\\Project\\DBT\\dbt-bootcamp\\airbnb']' is 426
2026-03-18 09:15:52 — INFO — Elementary's database and schema: 'AIRBNB.DEV'
2026-03-18 09:15:52 — INFO — Running dbt command --log-format json run-operation elementary.log_macro_results --args {"macro_name": "elementary_cli.get_test_results", "macro_args": {"days_back": 7, "invocations_per_test": 720, "disable_passed_test_metrics": false}} --project-dir C:\Project\DBT\dbt-bootcamp\.venv\Lib\site-packages\elementary\monitor\dbt_project --profiles-dir C:\Project\DBT\dbt-bootcamp\airbnb
2026-03-18 09:15:58 — DEBUG — Result bytes size for command '['--log-format', 'json', 'run-operation', 'elementary.log_macro_results', '--args', '{"macro_name": "elementary_cli.get_test_results", "macro_args": {"days_back": 7, "invocations_per_test": 720, "disable_passed_test_metrics": false}}', '--project-dir', 'C:\\Project\\DBT\\dbt-bootcamp\\.venv\\Lib\\site-packages\\elementary\\monitor\\dbt_project', '--profiles-dir', 'C:\\Project\\DBT\\dbt-bootcamp\\airbnb']' is 49900
2026-03-18 09:15:58 — INFO — Running dbt command --log-format json run-operation elementary.log_macro_results --args {"macro_name": "elementary_cli.get_source_freshness_results", "macro_args": {"days_back": 7, "invocations_per_test": 720}} --project-dir C:\Project\DBT\dbt-bootcamp\.venv\Lib\site-packages\elementary\monitor\dbt_project --profiles-dir C:\Project\DBT\dbt-bootcamp\airbnb
2026-03-18 09:16:01 — DEBUG — Result bytes size for command '['--log-format', 'json', 'run-operation', 'elementary.log_macro_results', '--args', '{"macro_name": "elementary_cli.get_source_freshness_results", "macro_args": {"days_back": 7, "invocations_per_test": 720}}', '--project-dir', 'C:\\Project\\DBT\\dbt-bootcamp\\.venv\\Lib\\site-packages\\elementary\\monitor\\dbt_project', '--profiles-dir', 'C:\\Project\\DBT\\dbt-bootcamp\\airbnb']' is 2768
2026-03-18 09:16:01 — INFO — Running dbt command --log-format json run-operation elementary.log_macro_results --args {"macro_name": "elementary_cli.get_seeds", "macro_args": {}} --project-dir C:\Project\DBT\dbt-bootcamp\.venv\Lib\site-packages\elementary\monitor\dbt_project --profiles-dir C:\Project\DBT\dbt-bootcamp\airbnb
2026-03-18 09:16:05 — DEBUG — Result bytes size for command '['--log-format', 'json', 'run-operation', 'elementary.log_macro_results', '--args', '{"macro_name": "elementary_cli.get_seeds", "macro_args": {}}', '--project-dir', 'C:\\Project\\DBT\\dbt-bootcamp\\.venv\\Lib\\site-packages\\elementary\\monitor\\dbt_project', '--profiles-dir', 'C:\\Project\\DBT\\dbt-bootcamp\\airbnb']' is 1068
2026-03-18 09:16:05 — INFO — Running dbt command --log-format json run-operation elementary.log_macro_results --args {"macro_name": "elementary_cli.get_snapshots", "macro_args": {}} --project-dir C:\Project\DBT\dbt-bootcamp\.venv\Lib\site-packages\elementary\monitor\dbt_project --profiles-dir C:\Project\DBT\dbt-bootcamp\airbnb
2026-03-18 09:16:08 — DEBUG — Result bytes size for command '['--log-format', 'json', 'run-operation', 'elementary.log_macro_results', '--args', '{"macro_name": "elementary_cli.get_snapshots", "macro_args": {}}', '--project-dir', 'C:\\Project\\DBT\\dbt-bootcamp\\.venv\\Lib\\site-packages\\elementary\\monitor\\dbt_project', '--profiles-dir', 'C:\\Project\\DBT\\dbt-bootcamp\\airbnb']' is 3232
2026-03-18 09:16:08 — INFO — Running dbt command --log-format json run-operation elementary.log_macro_results --args {"macro_name": "elementary_cli.get_models", "macro_args": {"exclude_elementary": true}} --project-dir C:\Project\DBT\dbt-bootcamp\.venv\Lib\site-packages\elementary\monitor\dbt_project --profiles-dir C:\Project\DBT\dbt-bootcamp\airbnb
2026-03-18 09:16:12 — DEBUG — Result bytes size for command '['--log-format', 'json', 'run-operation', 'elementary.log_macro_results', '--args', '{"macro_name": "elementary_cli.get_models", "macro_args": {"exclude_elementary": true}}', '--project-dir', 'C:\\Project\\DBT\\dbt-bootcamp\\.venv\\Lib\\site-packages\\elementary\\monitor\\dbt_project', '--profiles-dir', 'C:\\Project\\DBT\\dbt-bootcamp\\airbnb']' is 7686
2026-03-18 09:16:12 — INFO — Running dbt command --log-format json run-operation elementary.log_macro_results --args {"macro_name": "elementary_cli.get_sources", "macro_args": {}} --project-dir C:\Project\DBT\dbt-bootcamp\.venv\Lib\site-packages\elementary\monitor\dbt_project --profiles-dir C:\Project\DBT\dbt-bootcamp\airbnb
2026-03-18 09:16:15 — DEBUG — Result bytes size for command '['--log-format', 'json', 'run-operation', 'elementary.log_macro_results', '--args', '{"macro_name": "elementary_cli.get_sources", "macro_args": {}}', '--project-dir', 'C:\\Project\\DBT\\dbt-bootcamp\\.venv\\Lib\\site-packages\\elementary\\monitor\\dbt_project', '--profiles-dir', 'C:\\Project\\DBT\\dbt-bootcamp\\airbnb']' is 2456
2026-03-18 09:16:15 — INFO — Running dbt command --log-format json run-operation elementary.log_macro_results --args {"macro_name": "elementary_cli.get_exposures", "macro_args": {}} --project-dir C:\Project\DBT\dbt-bootcamp\.venv\Lib\site-packages\elementary\monitor\dbt_project --profiles-dir C:\Project\DBT\dbt-bootcamp\airbnb
2026-03-18 09:16:18 — DEBUG — Result bytes size for command '['--log-format', 'json', 'run-operation', 'elementary.log_macro_results', '--args', '{"macro_name": "elementary_cli.get_exposures", "macro_args": {}}', '--project-dir', 'C:\\Project\\DBT\\dbt-bootcamp\\.venv\\Lib\\site-packages\\elementary\\monitor\\dbt_project', '--profiles-dir', 'C:\\Project\\DBT\\dbt-bootcamp\\airbnb']' is 402
2026-03-18 09:16:18 — INFO — Running dbt command --log-format json run-operation elementary.log_macro_results --args {"macro_name": "elementary_cli.get_singular_tests", "macro_args": {}} --project-dir C:\Project\DBT\dbt-bootcamp\.venv\Lib\site-packages\elementary\monitor\dbt_project --profiles-dir C:\Project\DBT\dbt-bootcamp\airbnb
2026-03-18 09:16:20 — DEBUG — Result bytes size for command '['--log-format', 'json', 'run-operation', 'elementary.log_macro_results', '--args', '{"macro_name": "elementary_cli.get_singular_tests", "macro_args": {}}', '--project-dir', 'C:\\Project\\DBT\\dbt-bootcamp\\.venv\\Lib\\site-packages\\elementary\\monitor\\dbt_project', '--profiles-dir', 'C:\\Project\\DBT\\dbt-bootcamp\\airbnb']' is 402
2026-03-18 09:16:20 — INFO — Running dbt command --log-format json run-operation elementary.log_macro_results --args {"macro_name": "elementary_cli.get_models_runs", "macro_args": {"days_back": 7, "exclude_elementary": true}} --project-dir C:\Project\DBT\dbt-bootcamp\.venv\Lib\site-packages\elementary\monitor\dbt_project --profiles-dir C:\Project\DBT\dbt-bootcamp\airbnb
2026-03-18 09:16:24 — DEBUG — Result bytes size for command '['--log-format', 'json', 'run-operation', 'elementary.log_macro_results', '--args', '{"macro_name": "elementary_cli.get_models_runs", "macro_args": {"days_back": 7, "exclude_elementary": true}}', '--project-dir', 'C:\\Project\\DBT\\dbt-bootcamp\\.venv\\Lib\\site-packages\\elementary\\monitor\\dbt_project', '--profiles-dir', 'C:\\Project\\DBT\\dbt-bootcamp\\airbnb']' is 10272
2026-03-18 09:16:24 — INFO — Running dbt command --log-format json run-operation elementary.log_macro_results --args {"macro_name": "elementary_cli.get_dbt_models_test_coverage", "macro_args": {}} --project-dir C:\Project\DBT\dbt-bootcamp\.venv\Lib\site-packages\elementary\monitor\dbt_project --profiles-dir C:\Project\DBT\dbt-bootcamp\airbnb
2026-03-18 09:16:26 — DEBUG — Result bytes size for command '['--log-format', 'json', 'run-operation', 'elementary.log_macro_results', '--args', '{"macro_name": "elementary_cli.get_dbt_models_test_coverage", "macro_args": {}}', '--project-dir', 'C:\\Project\\DBT\\dbt-bootcamp\\.venv\\Lib\\site-packages\\elementary\\monitor\\dbt_project', '--profiles-dir', 'C:\\Project\\DBT\\dbt-bootcamp\\airbnb']' is 1146
2026-03-18 09:16:26 — INFO — Running dbt command --log-format json run-operation elementary.log_macro_results --args {"macro_name": "elementary_cli.get_tests", "macro_args": {}} --project-dir C:\Project\DBT\dbt-bootcamp\.venv\Lib\site-packages\elementary\monitor\dbt_project --profiles-dir C:\Project\DBT\dbt-bootcamp\airbnb
2026-03-18 09:16:28 — DEBUG — Result bytes size for command '['--log-format', 'json', 'run-operation', 'elementary.log_macro_results', '--args', '{"macro_name": "elementary_cli.get_tests", "macro_args": {}}', '--project-dir', 'C:\\Project\\DBT\\dbt-bootcamp\\.venv\\Lib\\site-packages\\elementary\\monitor\\dbt_project', '--profiles-dir', 'C:\\Project\\DBT\\dbt-bootcamp\\airbnb']' is 27194
2026-03-18 09:16:28 — INFO — Running dbt command --log-format json run-operation elementary.log_macro_results --args {"macro_name": "elementary_cli.get_nodes_depends_on_nodes", "macro_args": {"exclude_elementary": true}} --project-dir C:\Project\DBT\dbt-bootcamp\.venv\Lib\site-packages\elementary\monitor\dbt_project --profiles-dir C:\Project\DBT\dbt-bootcamp\airbnb
2026-03-18 09:16:31 — DEBUG — Result bytes size for command '['--log-format', 'json', 'run-operation', 'elementary.log_macro_results', '--args', '{"macro_name": "elementary_cli.get_nodes_depends_on_nodes", "macro_args": {"exclude_elementary": true}}', '--project-dir', 'C:\\Project\\DBT\\dbt-bootcamp\\.venv\\Lib\\site-packages\\elementary\\monitor\\dbt_project', '--profiles-dir', 'C:\\Project\\DBT\\dbt-bootcamp\\airbnb']' is 5032
2026-03-18 09:16:31 — INFO — Running dbt command --log-format json run-operation elementary.log_macro_results --args {"macro_name": "elementary_cli.get_models_latest_invocation", "macro_args": {}} --project-dir C:\Project\DBT\dbt-bootcamp\.venv\Lib\site-packages\elementary\monitor\dbt_project --profiles-dir C:\Project\DBT\dbt-bootcamp\airbnb
2026-03-18 09:16:34 — DEBUG — Result bytes size for command '['--log-format', 'json', 'run-operation', 'elementary.log_macro_results', '--args', '{"macro_name": "elementary_cli.get_models_latest_invocation", "macro_args": {}}', '--project-dir', 'C:\\Project\\DBT\\dbt-bootcamp\\.venv\\Lib\\site-packages\\elementary\\monitor\\dbt_project', '--profiles-dir', 'C:\\Project\\DBT\\dbt-bootcamp\\airbnb']' is 8614
2026-03-18 09:16:34 — INFO — Running dbt command --log-format json run-operation elementary.log_macro_results --args {"macro_name": "elementary_cli.get_models_latest_invocations_data", "macro_args": {}} --project-dir C:\Project\DBT\dbt-bootcamp\.venv\Lib\site-packages\elementary\monitor\dbt_project --profiles-dir C:\Project\DBT\dbt-bootcamp\airbnb
2026-03-18 09:16:37 — DEBUG — Result bytes size for command '['--log-format', 'json', 'run-operation', 'elementary.log_macro_results', '--args', '{"macro_name": "elementary_cli.get_models_latest_invocations_data", "macro_args": {}}', '--project-dir', 'C:\\Project\\DBT\\dbt-bootcamp\\.venv\\Lib\\site-packages\\elementary\\monitor\\dbt_project', '--profiles-dir', 'C:\\Project\\DBT\\dbt-bootcamp\\airbnb']' is 824
2026-03-18 11:10:41 — INFO — Running with edr=0.22.0
2026-03-18 11:10:43 — DEBUG — Running dbt command --log-format json run-operation elementary.log_macro_results --args {"macro_name": "elementary_cli.get_latest_invocation", "macro_args": {}} --project-dir C:\Project\DBT\dbt-bootcamp\.venv\Lib\site-packages\elementary\monitor\dbt_project
2026-03-18 11:10:51 — DEBUG — Result bytes size for command '['--log-format', 'json', 'run-operation', 'elementary.log_macro_results', '--args', '{"macro_name": "elementary_cli.get_latest_invocation", "macro_args": {}}', '--project-dir', 'C:\\Project\\DBT\\dbt-bootcamp\\.venv\\Lib\\site-packages\\elementary\\monitor\\dbt_project']' is 2714
2026-03-18 11:10:51 — DEBUG — Running dbt command --log-format json run-operation elementary.log_macro_results --args {"macro_name": "elementary_cli.get_adapter_type_and_unique_id", "macro_args": {}} --project-dir C:\Project\DBT\dbt-bootcamp\.venv\Lib\site-packages\elementary\monitor\dbt_project
2026-03-18 11:10:53 — DEBUG — Result bytes size for command '['--log-format', 'json', 'run-operation', 'elementary.log_macro_results', '--args', '{"macro_name": "elementary_cli.get_adapter_type_and_unique_id", "macro_args": {}}', '--project-dir', 'C:\\Project\\DBT\\dbt-bootcamp\\.venv\\Lib\\site-packages\\elementary\\monitor\\dbt_project']' is 470
2026-03-18 11:10:53 — INFO — edr (0.22.0) and Elementary's dbt package (0.22.1) are compatible.
2026-03-18 11:10:53 — DEBUG — Running dbt command --log-format json run-operation elementary.log_macro_results --args {"macro_name": "elementary_cli.get_elementary_database_and_schema", "macro_args": {}} --project-dir C:\Project\DBT\dbt-bootcamp\.venv\Lib\site-packages\elementary\monitor\dbt_project
2026-03-18 11:10:54 — DEBUG — Result bytes size for command '['--log-format', 'json', 'run-operation', 'elementary.log_macro_results', '--args', '{"macro_name": "elementary_cli.get_elementary_database_and_schema", "macro_args": {}}', '--project-dir', 'C:\\Project\\DBT\\dbt-bootcamp\\.venv\\Lib\\site-packages\\elementary\\monitor\\dbt_project']' is 426
2026-03-18 11:10:54 — INFO — Elementary's database and schema: 'AIRBNB.DEV'
2026-03-18 11:10:54 — INFO — Running dbt command --log-format json run-operation elementary.log_macro_results --args {"macro_name": "elementary_cli.get_test_results", "macro_args": {"days_back": 7, "invocations_per_test": 720, "disable_passed_test_metrics": false}} --project-dir C:\Project\DBT\dbt-bootcamp\.venv\Lib\site-packages\elementary\monitor\dbt_project
2026-03-18 11:10:59 — DEBUG — Result bytes size for command '['--log-format', 'json', 'run-operation', 'elementary.log_macro_results', '--args', '{"macro_name": "elementary_cli.get_test_results", "macro_args": {"days_back": 7, "invocations_per_test": 720, "disable_passed_test_metrics": false}}', '--project-dir', 'C:\\Project\\DBT\\dbt-bootcamp\\.venv\\Lib\\site-packages\\elementary\\monitor\\dbt_project']' is 89448
2026-03-18 11:10:59 — INFO — Running dbt command --log-format json run-operation elementary.log_macro_results --args {"macro_name": "elementary_cli.get_source_freshness_results", "macro_args": {"days_back": 7, "invocations_per_test": 720}} --project-dir C:\Project\DBT\dbt-bootcamp\.venv\Lib\site-packages\elementary\monitor\dbt_project
2026-03-18 11:11:02 — DEBUG — Result bytes size for command '['--log-format', 'json', 'run-operation', 'elementary.log_macro_results', '--args', '{"macro_name": "elementary_cli.get_source_freshness_results", "macro_args": {"days_back": 7, "invocations_per_test": 720}}', '--project-dir', 'C:\\Project\\DBT\\dbt-bootcamp\\.venv\\Lib\\site-packages\\elementary\\monitor\\dbt_project']' is 2768
2026-03-18 11:11:02 — INFO — Running dbt command --log-format json run-operation elementary.log_macro_results --args {"macro_name": "elementary_cli.get_seeds", "macro_args": {}} --project-dir C:\Project\DBT\dbt-bootcamp\.venv\Lib\site-packages\elementary\monitor\dbt_project
2026-03-18 11:11:04 — DEBUG — Result bytes size for command '['--log-format', 'json', 'run-operation', 'elementary.log_macro_results', '--args', '{"macro_name": "elementary_cli.get_seeds", "macro_args": {}}', '--project-dir', 'C:\\Project\\DBT\\dbt-bootcamp\\.venv\\Lib\\site-packages\\elementary\\monitor\\dbt_project']' is 1068
2026-03-18 11:11:04 — INFO — Running dbt command --log-format json run-operation elementary.log_macro_results --args {"macro_name": "elementary_cli.get_snapshots", "macro_args": {}} --project-dir C:\Project\DBT\dbt-bootcamp\.venv\Lib\site-packages\elementary\monitor\dbt_project
2026-03-18 11:11:07 — DEBUG — Result bytes size for command '['--log-format', 'json', 'run-operation', 'elementary.log_macro_results', '--args', '{"macro_name": "elementary_cli.get_snapshots", "macro_args": {}}', '--project-dir', 'C:\\Project\\DBT\\dbt-bootcamp\\.venv\\Lib\\site-packages\\elementary\\monitor\\dbt_project']' is 3232
2026-03-18 11:11:07 — INFO — Running dbt command --log-format json run-operation elementary.log_macro_results --args {"macro_name": "elementary_cli.get_models", "macro_args": {"exclude_elementary": true}} --project-dir C:\Project\DBT\dbt-bootcamp\.venv\Lib\site-packages\elementary\monitor\dbt_project
2026-03-18 11:11:10 — DEBUG — Result bytes size for command '['--log-format', 'json', 'run-operation', 'elementary.log_macro_results', '--args', '{"macro_name": "elementary_cli.get_models", "macro_args": {"exclude_elementary": true}}', '--project-dir', 'C:\\Project\\DBT\\dbt-bootcamp\\.venv\\Lib\\site-packages\\elementary\\monitor\\dbt_project']' is 7686
2026-03-18 11:11:10 — INFO — Running dbt command --log-format json run-operation elementary.log_macro_results --args {"macro_name": "elementary_cli.get_sources", "macro_args": {}} --project-dir C:\Project\DBT\dbt-bootcamp\.venv\Lib\site-packages\elementary\monitor\dbt_project
2026-03-18 11:11:13 — DEBUG — Result bytes size for command '['--log-format', 'json', 'run-operation', 'elementary.log_macro_results', '--args', '{"macro_name": "elementary_cli.get_sources", "macro_args": {}}', '--project-dir', 'C:\\Project\\DBT\\dbt-bootcamp\\.venv\\Lib\\site-packages\\elementary\\monitor\\dbt_project']' is 2456
2026-03-18 11:11:13 — INFO — Running dbt command --log-format json run-operation elementary.log_macro_results --args {"macro_name": "elementary_cli.get_exposures", "macro_args": {}} --project-dir C:\Project\DBT\dbt-bootcamp\.venv\Lib\site-packages\elementary\monitor\dbt_project
2026-03-18 11:11:16 — DEBUG — Result bytes size for command '['--log-format', 'json', 'run-operation', 'elementary.log_macro_results', '--args', '{"macro_name": "elementary_cli.get_exposures", "macro_args": {}}', '--project-dir', 'C:\\Project\\DBT\\dbt-bootcamp\\.venv\\Lib\\site-packages\\elementary\\monitor\\dbt_project']' is 402
2026-03-18 11:11:16 — INFO — Running dbt command --log-format json run-operation elementary.log_macro_results --args {"macro_name": "elementary_cli.get_singular_tests", "macro_args": {}} --project-dir C:\Project\DBT\dbt-bootcamp\.venv\Lib\site-packages\elementary\monitor\dbt_project
2026-03-18 11:11:20 — DEBUG — Result bytes size for command '['--log-format', 'json', 'run-operation', 'elementary.log_macro_results', '--args', '{"macro_name": "elementary_cli.get_singular_tests", "macro_args": {}}', '--project-dir', 'C:\\Project\\DBT\\dbt-bootcamp\\.venv\\Lib\\site-packages\\elementary\\monitor\\dbt_project']' is 402
2026-03-18 11:11:20 — INFO — Running dbt command --log-format json run-operation elementary.log_macro_results --args {"macro_name": "elementary_cli.get_models_runs", "macro_args": {"days_back": 7, "exclude_elementary": true}} --project-dir C:\Project\DBT\dbt-bootcamp\.venv\Lib\site-packages\elementary\monitor\dbt_project
2026-03-18 11:11:24 — DEBUG — Result bytes size for command '['--log-format', 'json', 'run-operation', 'elementary.log_macro_results', '--args', '{"macro_name": "elementary_cli.get_models_runs", "macro_args": {"days_back": 7, "exclude_elementary": true}}', '--project-dir', 'C:\\Project\\DBT\\dbt-bootcamp\\.venv\\Lib\\site-packages\\elementary\\monitor\\dbt_project']' is 10272
2026-03-18 11:11:24 — INFO — Running dbt command --log-format json run-operation elementary.log_macro_results --args {"macro_name": "elementary_cli.get_dbt_models_test_coverage", "macro_args": {}} --project-dir C:\Project\DBT\dbt-bootcamp\.venv\Lib\site-packages\elementary\monitor\dbt_project
2026-03-18 11:11:28 — DEBUG — Result bytes size for command '['--log-format', 'json', 'run-operation', 'elementary.log_macro_results', '--args', '{"macro_name": "elementary_cli.get_dbt_models_test_coverage", "macro_args": {}}', '--project-dir', 'C:\\Project\\DBT\\dbt-bootcamp\\.venv\\Lib\\site-packages\\elementary\\monitor\\dbt_project']' is 1146
2026-03-18 11:11:28 — INFO — Running dbt command --log-format json run-operation elementary.log_macro_results --args {"macro_name": "elementary_cli.get_tests", "macro_args": {}} --project-dir C:\Project\DBT\dbt-bootcamp\.venv\Lib\site-packages\elementary\monitor\dbt_project
2026-03-18 11:11:32 — DEBUG — Result bytes size for command '['--log-format', 'json', 'run-operation', 'elementary.log_macro_results', '--args', '{"macro_name": "elementary_cli.get_tests", "macro_args": {}}', '--project-dir', 'C:\\Project\\DBT\\dbt-bootcamp\\.venv\\Lib\\site-packages\\elementary\\monitor\\dbt_project']' is 27194
2026-03-18 11:11:32 — INFO — Running dbt command --log-format json run-operation elementary.log_macro_results --args {"macro_name": "elementary_cli.get_nodes_depends_on_nodes", "macro_args": {"exclude_elementary": true}} --project-dir C:\Project\DBT\dbt-bootcamp\.venv\Lib\site-packages\elementary\monitor\dbt_project
2026-03-18 11:11:35 — DEBUG — Result bytes size for command '['--log-format', 'json', 'run-operation', 'elementary.log_macro_results', '--args', '{"macro_name": "elementary_cli.get_nodes_depends_on_nodes", "macro_args": {"exclude_elementary": true}}', '--project-dir', 'C:\\Project\\DBT\\dbt-bootcamp\\.venv\\Lib\\site-packages\\elementary\\monitor\\dbt_project']' is 5032
2026-03-18 11:11:35 — INFO — Running dbt command --log-format json run-operation elementary.log_macro_results --args {"macro_name": "elementary_cli.get_models_latest_invocation", "macro_args": {}} --project-dir C:\Project\DBT\dbt-bootcamp\.venv\Lib\site-packages\elementary\monitor\dbt_project
2026-03-18 11:11:38 — DEBUG — Result bytes size for command '['--log-format', 'json', 'run-operation', 'elementary.log_macro_results', '--args', '{"macro_name": "elementary_cli.get_models_latest_invocation", "macro_args": {}}', '--project-dir', 'C:\\Project\\DBT\\dbt-bootcamp\\.venv\\Lib\\site-packages\\elementary\\monitor\\dbt_project']' is 8614
2026-03-18 11:11:38 — INFO — Running dbt command --log-format json run-operation elementary.log_macro_results --args {"macro_name": "elementary_cli.get_models_latest_invocations_data", "macro_args": {}} --project-dir C:\Project\DBT\dbt-bootcamp\.venv\Lib\site-packages\elementary\monitor\dbt_project
2026-03-18 11:11:41 — DEBUG — Result bytes size for command '['--log-format', 'json', 'run-operation', 'elementary.log_macro_results', '--args', '{"macro_name": "elementary_cli.get_models_latest_invocations_data", "macro_args": {}}', '--project-dir', 'C:\\Project\\DBT\\dbt-bootcamp\\.venv\\Lib\\site-packages\\elementary\\monitor\\dbt_project']' is 824
2026-03-25 11:18:05 — INFO — Running with edr=0.22.0
2026-03-25 11:18:06 — DEBUG — Running dbt command --log-format json run-operation elementary.log_macro_results --args {"macro_name": "elementary_cli.get_latest_invocation", "macro_args": {}} --project-dir C:\Project\DBT\dbt-bootcamp\.venv\Lib\site-packages\elementary\monitor\dbt_project
2026-03-25 11:18:10 — DEBUG — Result bytes size for command '['--log-format', 'json', 'run-operation', 'elementary.log_macro_results', '--args', '{"macro_name": "elementary_cli.get_latest_invocation", "macro_args": {}}', '--project-dir', 'C:\\Project\\DBT\\dbt-bootcamp\\.venv\\Lib\\site-packages\\elementary\\monitor\\dbt_project']' is 2714
2026-03-25 11:18:10 — DEBUG — Running dbt command --log-format json run-operation elementary.log_macro_results --args {"macro_name": "elementary_cli.get_adapter_type_and_unique_id", "macro_args": {}} --project-dir C:\Project\DBT\dbt-bootcamp\.venv\Lib\site-packages\elementary\monitor\dbt_project
2026-03-25 11:18:12 — DEBUG — Result bytes size for command '['--log-format', 'json', 'run-operation', 'elementary.log_macro_results', '--args', '{"macro_name": "elementary_cli.get_adapter_type_and_unique_id", "macro_args": {}}', '--project-dir', 'C:\\Project\\DBT\\dbt-bootcamp\\.venv\\Lib\\site-packages\\elementary\\monitor\\dbt_project']' is 470
2026-03-25 11:18:12 — INFO — edr (0.22.0) and Elementary's dbt package (0.22.1) are compatible.
2026-03-25 11:18:12 — DEBUG — Running dbt command --log-format json run-operation elementary.log_macro_results --args {"macro_name": "elementary_cli.get_elementary_database_and_schema", "macro_args": {}} --project-dir C:\Project\DBT\dbt-bootcamp\.venv\Lib\site-packages\elementary\monitor\dbt_project
2026-03-25 11:18:14 — DEBUG — Result bytes size for command '['--log-format', 'json', 'run-operation', 'elementary.log_macro_results', '--args', '{"macro_name": "elementary_cli.get_elementary_database_and_schema", "macro_args": {}}', '--project-dir', 'C:\\Project\\DBT\\dbt-bootcamp\\.venv\\Lib\\site-packages\\elementary\\monitor\\dbt_project']' is 426
2026-03-25 11:18:14 — INFO — Elementary's database and schema: 'AIRBNB.DEV'
2026-03-25 11:18:14 — INFO — Running dbt command --log-format json run-operation elementary.log_macro_results --args {"macro_name": "elementary_cli.get_test_results", "macro_args": {"days_back": 7, "invocations_per_test": 720, "disable_passed_test_metrics": false}} --project-dir C:\Project\DBT\dbt-bootcamp\.venv\Lib\site-packages\elementary\monitor\dbt_project
2026-03-25 11:18:19 — DEBUG — Result bytes size for command '['--log-format', 'json', 'run-operation', 'elementary.log_macro_results', '--args', '{"macro_name": "elementary_cli.get_test_results", "macro_args": {"days_back": 7, "invocations_per_test": 720, "disable_passed_test_metrics": false}}', '--project-dir', 'C:\\Project\\DBT\\dbt-bootcamp\\.venv\\Lib\\site-packages\\elementary\\monitor\\dbt_project']' is 402
2026-03-25 11:18:19 — INFO — Running dbt command --log-format json run-operation elementary.log_macro_results --args {"macro_name": "elementary_cli.get_source_freshness_results", "macro_args": {"days_back": 7, "invocations_per_test": 720}} --project-dir C:\Project\DBT\dbt-bootcamp\.venv\Lib\site-packages\elementary\monitor\dbt_project
2026-03-25 11:18:22 — DEBUG — Result bytes size for command '['--log-format', 'json', 'run-operation', 'elementary.log_macro_results', '--args', '{"macro_name": "elementary_cli.get_source_freshness_results", "macro_args": {"days_back": 7, "invocations_per_test": 720}}', '--project-dir', 'C:\\Project\\DBT\\dbt-bootcamp\\.venv\\Lib\\site-packages\\elementary\\monitor\\dbt_project']' is 402
2026-03-25 11:18:22 — INFO — Running dbt command --log-format json run-operation elementary.log_macro_results --args {"macro_name": "elementary_cli.get_seeds", "macro_args": {}} --project-dir C:\Project\DBT\dbt-bootcamp\.venv\Lib\site-packages\elementary\monitor\dbt_project
2026-03-25 11:18:23 — DEBUG — Result bytes size for command '['--log-format', 'json', 'run-operation', 'elementary.log_macro_results', '--args', '{"macro_name": "elementary_cli.get_seeds", "macro_args": {}}', '--project-dir', 'C:\\Project\\DBT\\dbt-bootcamp\\.venv\\Lib\\site-packages\\elementary\\monitor\\dbt_project']' is 1068
2026-03-25 11:18:23 — INFO — Running dbt command --log-format json run-operation elementary.log_macro_results --args {"macro_name": "elementary_cli.get_snapshots", "macro_args": {}} --project-dir C:\Project\DBT\dbt-bootcamp\.venv\Lib\site-packages\elementary\monitor\dbt_project
2026-03-25 11:18:25 — DEBUG — Result bytes size for command '['--log-format', 'json', 'run-operation', 'elementary.log_macro_results', '--args', '{"macro_name": "elementary_cli.get_snapshots", "macro_args": {}}', '--project-dir', 'C:\\Project\\DBT\\dbt-bootcamp\\.venv\\Lib\\site-packages\\elementary\\monitor\\dbt_project']' is 3232
2026-03-25 11:18:25 — INFO — Running dbt command --log-format json run-operation elementary.log_macro_results --args {"macro_name": "elementary_cli.get_models", "macro_args": {"exclude_elementary": true}} --project-dir C:\Project\DBT\dbt-bootcamp\.venv\Lib\site-packages\elementary\monitor\dbt_project
2026-03-25 11:18:28 — DEBUG — Result bytes size for command '['--log-format', 'json', 'run-operation', 'elementary.log_macro_results', '--args', '{"macro_name": "elementary_cli.get_models", "macro_args": {"exclude_elementary": true}}', '--project-dir', 'C:\\Project\\DBT\\dbt-bootcamp\\.venv\\Lib\\site-packages\\elementary\\monitor\\dbt_project']' is 7686
2026-03-25 11:18:28 — INFO — Running dbt command --log-format json run-operation elementary.log_macro_results --args {"macro_name": "elementary_cli.get_sources", "macro_args": {}} --project-dir C:\Project\DBT\dbt-bootcamp\.venv\Lib\site-packages\elementary\monitor\dbt_project
2026-03-25 11:18:29 — DEBUG — Result bytes size for command '['--log-format', 'json', 'run-operation', 'elementary.log_macro_results', '--args', '{"macro_name": "elementary_cli.get_sources", "macro_args": {}}', '--project-dir', 'C:\\Project\\DBT\\dbt-bootcamp\\.venv\\Lib\\site-packages\\elementary\\monitor\\dbt_project']' is 2456
2026-03-25 11:18:29 — INFO — Running dbt command --log-format json run-operation elementary.log_macro_results --args {"macro_name": "elementary_cli.get_exposures", "macro_args": {}} --project-dir C:\Project\DBT\dbt-bootcamp\.venv\Lib\site-packages\elementary\monitor\dbt_project
2026-03-25 11:18:31 — DEBUG — Result bytes size for command '['--log-format', 'json', 'run-operation', 'elementary.log_macro_results', '--args', '{"macro_name": "elementary_cli.get_exposures", "macro_args": {}}', '--project-dir', 'C:\\Project\\DBT\\dbt-bootcamp\\.venv\\Lib\\site-packages\\elementary\\monitor\\dbt_project']' is 402
2026-03-25 11:18:31 — INFO — Running dbt command --log-format json run-operation elementary.log_macro_results --args {"macro_name": "elementary_cli.get_singular_tests", "macro_args": {}} --project-dir C:\Project\DBT\dbt-bootcamp\.venv\Lib\site-packages\elementary\monitor\dbt_project
2026-03-25 11:18:33 — DEBUG — Result bytes size for command '['--log-format', 'json', 'run-operation', 'elementary.log_macro_results', '--args', '{"macro_name": "elementary_cli.get_singular_tests", "macro_args": {}}', '--project-dir', 'C:\\Project\\DBT\\dbt-bootcamp\\.venv\\Lib\\site-packages\\elementary\\monitor\\dbt_project']' is 402
2026-03-25 11:18:33 — INFO — Running dbt command --log-format json run-operation elementary.log_macro_results --args {"macro_name": "elementary_cli.get_models_runs", "macro_args": {"days_back": 7, "exclude_elementary": true}} --project-dir C:\Project\DBT\dbt-bootcamp\.venv\Lib\site-packages\elementary\monitor\dbt_project
2026-03-25 11:18:35 — DEBUG — Result bytes size for command '['--log-format', 'json', 'run-operation', 'elementary.log_macro_results', '--args', '{"macro_name": "elementary_cli.get_models_runs", "macro_args": {"days_back": 7, "exclude_elementary": true}}', '--project-dir', 'C:\\Project\\DBT\\dbt-bootcamp\\.venv\\Lib\\site-packages\\elementary\\monitor\\dbt_project']' is 402
2026-03-25 11:18:35 — INFO — Running dbt command --log-format json run-operation elementary.log_macro_results --args {"macro_name": "elementary_cli.get_dbt_models_test_coverage", "macro_args": {}} --project-dir C:\Project\DBT\dbt-bootcamp\.venv\Lib\site-packages\elementary\monitor\dbt_project
2026-03-25 11:18:37 — DEBUG — Result bytes size for command '['--log-format', 'json', 'run-operation', 'elementary.log_macro_results', '--args', '{"macro_name": "elementary_cli.get_dbt_models_test_coverage", "macro_args": {}}', '--project-dir', 'C:\\Project\\DBT\\dbt-bootcamp\\.venv\\Lib\\site-packages\\elementary\\monitor\\dbt_project']' is 1146
2026-03-25 11:18:37 — INFO — Running dbt command --log-format json run-operation elementary.log_macro_results --args {"macro_name": "elementary_cli.get_tests", "macro_args": {}} --project-dir C:\Project\DBT\dbt-bootcamp\.venv\Lib\site-packages\elementary\monitor\dbt_project
2026-03-25 11:18:40 — DEBUG — Result bytes size for command '['--log-format', 'json', 'run-operation', 'elementary.log_macro_results', '--args', '{"macro_name": "elementary_cli.get_tests", "macro_args": {}}', '--project-dir', 'C:\\Project\\DBT\\dbt-bootcamp\\.venv\\Lib\\site-packages\\elementary\\monitor\\dbt_project']' is 27194
2026-03-25 11:18:40 — INFO — Running dbt command --log-format json run-operation elementary.log_macro_results --args {"macro_name": "elementary_cli.get_nodes_depends_on_nodes", "macro_args": {"exclude_elementary": true}} --project-dir C:\Project\DBT\dbt-bootcamp\.venv\Lib\site-packages\elementary\monitor\dbt_project
2026-03-25 11:18:42 — DEBUG — Result bytes size for command '['--log-format', 'json', 'run-operation', 'elementary.log_macro_results', '--args', '{"macro_name": "elementary_cli.get_nodes_depends_on_nodes", "macro_args": {"exclude_elementary": true}}', '--project-dir', 'C:\\Project\\DBT\\dbt-bootcamp\\.venv\\Lib\\site-packages\\elementary\\monitor\\dbt_project']' is 5032
2026-03-25 11:18:42 — INFO — Running dbt command --log-format json run-operation elementary.log_macro_results --args {"macro_name": "elementary_cli.get_models_latest_invocation", "macro_args": {}} --project-dir C:\Project\DBT\dbt-bootcamp\.venv\Lib\site-packages\elementary\monitor\dbt_project
2026-03-25 11:18:43 — DEBUG — Result bytes size for command '['--log-format', 'json', 'run-operation', 'elementary.log_macro_results', '--args', '{"macro_name": "elementary_cli.get_models_latest_invocation", "macro_args": {}}', '--project-dir', 'C:\\Project\\DBT\\dbt-bootcamp\\.venv\\Lib\\site-packages\\elementary\\monitor\\dbt_project']' is 8614
2026-03-25 11:18:43 — INFO — Running dbt command --log-format json run-operation elementary.log_macro_results --args {"macro_name": "elementary_cli.get_models_latest_invocations_data", "macro_args": {}} --project-dir C:\Project\DBT\dbt-bootcamp\.venv\Lib\site-packages\elementary\monitor\dbt_project
2026-03-25 11:18:45 — DEBUG — Result bytes size for command '['--log-format', 'json', 'run-operation', 'elementary.log_macro_results', '--args', '{"macro_name": "elementary_cli.get_models_latest_invocations_data", "macro_args": {}}', '--project-dir', 'C:\\Project\\DBT\\dbt-bootcamp\\.venv\\Lib\\site-packages\\elementary\\monitor\\dbt_project']' is 824
2026-03-25 11:20:15 — INFO — Running with edr=0.22.0
2026-03-25 11:20:16 — DEBUG — Running dbt command --log-format json run-operation elementary.log_macro_results --args {"macro_name": "elementary_cli.get_latest_invocation", "macro_args": {}} --project-dir C:\Project\DBT\dbt-bootcamp\.venv\Lib\site-packages\elementary\monitor\dbt_project
2026-03-25 11:20:21 — DEBUG — Result bytes size for command '['--log-format', 'json', 'run-operation', 'elementary.log_macro_results', '--args', '{"macro_name": "elementary_cli.get_latest_invocation", "macro_args": {}}', '--project-dir', 'C:\\Project\\DBT\\dbt-bootcamp\\.venv\\Lib\\site-packages\\elementary\\monitor\\dbt_project']' is 2652
2026-03-25 11:20:21 — DEBUG — Running dbt command --log-format json run-operation elementary.log_macro_results --args {"macro_name": "elementary_cli.get_adapter_type_and_unique_id", "macro_args": {}} --project-dir C:\Project\DBT\dbt-bootcamp\.venv\Lib\site-packages\elementary\monitor\dbt_project
2026-03-25 11:20:23 — DEBUG — Result bytes size for command '['--log-format', 'json', 'run-operation', 'elementary.log_macro_results', '--args', '{"macro_name": "elementary_cli.get_adapter_type_and_unique_id", "macro_args": {}}', '--project-dir', 'C:\\Project\\DBT\\dbt-bootcamp\\.venv\\Lib\\site-packages\\elementary\\monitor\\dbt_project']' is 470
2026-03-25 11:20:23 — INFO — edr (0.22.0) and Elementary's dbt package (0.22.1) are compatible.
2026-03-25 11:20:23 — DEBUG — Running dbt command --log-format json run-operation elementary.log_macro_results --args {"macro_name": "elementary_cli.get_elementary_database_and_schema", "macro_args": {}} --project-dir C:\Project\DBT\dbt-bootcamp\.venv\Lib\site-packages\elementary\monitor\dbt_project
2026-03-25 11:20:24 — DEBUG — Result bytes size for command '['--log-format', 'json', 'run-operation', 'elementary.log_macro_results', '--args', '{"macro_name": "elementary_cli.get_elementary_database_and_schema", "macro_args": {}}', '--project-dir', 'C:\\Project\\DBT\\dbt-bootcamp\\.venv\\Lib\\site-packages\\elementary\\monitor\\dbt_project']' is 426
2026-03-25 11:20:24 — INFO — Elementary's database and schema: 'AIRBNB.DEV'
2026-03-25 11:20:24 — INFO — Running dbt command --log-format json run-operation elementary.log_macro_results --args {"macro_name": "elementary_cli.get_test_results", "macro_args": {"days_back": 7, "invocations_per_test": 720, "disable_passed_test_metrics": false}} --project-dir C:\Project\DBT\dbt-bootcamp\.venv\Lib\site-packages\elementary\monitor\dbt_project
2026-03-25 11:20:29 — DEBUG — Result bytes size for command '['--log-format', 'json', 'run-operation', 'elementary.log_macro_results', '--args', '{"macro_name": "elementary_cli.get_test_results", "macro_args": {"days_back": 7, "invocations_per_test": 720, "disable_passed_test_metrics": false}}', '--project-dir', 'C:\\Project\\DBT\\dbt-bootcamp\\.venv\\Lib\\site-packages\\elementary\\monitor\\dbt_project']' is 50448
2026-03-25 11:20:29 — INFO — Running dbt command --log-format json run-operation elementary.log_macro_results --args {"macro_name": "elementary_cli.get_source_freshness_results", "macro_args": {"days_back": 7, "invocations_per_test": 720}} --project-dir C:\Project\DBT\dbt-bootcamp\.venv\Lib\site-packages\elementary\monitor\dbt_project
2026-03-25 11:20:31 — DEBUG — Result bytes size for command '['--log-format', 'json', 'run-operation', 'elementary.log_macro_results', '--args', '{"macro_name": "elementary_cli.get_source_freshness_results", "macro_args": {"days_back": 7, "invocations_per_test": 720}}', '--project-dir', 'C:\\Project\\DBT\\dbt-bootcamp\\.venv\\Lib\\site-packages\\elementary\\monitor\\dbt_project']' is 402
2026-03-25 11:20:31 — INFO — Running dbt command --log-format json run-operation elementary.log_macro_results --args {"macro_name": "elementary_cli.get_seeds", "macro_args": {}} --project-dir C:\Project\DBT\dbt-bootcamp\.venv\Lib\site-packages\elementary\monitor\dbt_project
2026-03-25 11:20:32 — DEBUG — Result bytes size for command '['--log-format', 'json', 'run-operation', 'elementary.log_macro_results', '--args', '{"macro_name": "elementary_cli.get_seeds", "macro_args": {}}', '--project-dir', 'C:\\Project\\DBT\\dbt-bootcamp\\.venv\\Lib\\site-packages\\elementary\\monitor\\dbt_project']' is 1068
2026-03-25 11:20:32 — INFO — Running dbt command --log-format json run-operation elementary.log_macro_results --args {"macro_name": "elementary_cli.get_snapshots", "macro_args": {}} --project-dir C:\Project\DBT\dbt-bootcamp\.venv\Lib\site-packages\elementary\monitor\dbt_project
2026-03-25 11:20:34 — DEBUG — Result bytes size for command '['--log-format', 'json', 'run-operation', 'elementary.log_macro_results', '--args', '{"macro_name": "elementary_cli.get_snapshots", "macro_args": {}}', '--project-dir', 'C:\\Project\\DBT\\dbt-bootcamp\\.venv\\Lib\\site-packages\\elementary\\monitor\\dbt_project']' is 3232
2026-03-25 11:20:34 — INFO — Running dbt command --log-format json run-operation elementary.log_macro_results --args {"macro_name": "elementary_cli.get_models", "macro_args": {"exclude_elementary": true}} --project-dir C:\Project\DBT\dbt-bootcamp\.venv\Lib\site-packages\elementary\monitor\dbt_project
2026-03-25 11:20:36 — DEBUG — Result bytes size for command '['--log-format', 'json', 'run-operation', 'elementary.log_macro_results', '--args', '{"macro_name": "elementary_cli.get_models", "macro_args": {"exclude_elementary": true}}', '--project-dir', 'C:\\Project\\DBT\\dbt-bootcamp\\.venv\\Lib\\site-packages\\elementary\\monitor\\dbt_project']' is 7718
2026-03-25 11:20:36 — INFO — Running dbt command --log-format json run-operation elementary.log_macro_results --args {"macro_name": "elementary_cli.get_sources", "macro_args": {}} --project-dir C:\Project\DBT\dbt-bootcamp\.venv\Lib\site-packages\elementary\monitor\dbt_project
2026-03-25 11:20:38 — DEBUG — Result bytes size for command '['--log-format', 'json', 'run-operation', 'elementary.log_macro_results', '--args', '{"macro_name": "elementary_cli.get_sources", "macro_args": {}}', '--project-dir', 'C:\\Project\\DBT\\dbt-bootcamp\\.venv\\Lib\\site-packages\\elementary\\monitor\\dbt_project']' is 2456
2026-03-25 11:20:38 — INFO — Running dbt command --log-format json run-operation elementary.log_macro_results --args {"macro_name": "elementary_cli.get_exposures", "macro_args": {}} --project-dir C:\Project\DBT\dbt-bootcamp\.venv\Lib\site-packages\elementary\monitor\dbt_project
2026-03-25 11:20:41 — DEBUG — Result bytes size for command '['--log-format', 'json', 'run-operation', 'elementary.log_macro_results', '--args', '{"macro_name": "elementary_cli.get_exposures", "macro_args": {}}', '--project-dir', 'C:\\Project\\DBT\\dbt-bootcamp\\.venv\\Lib\\site-packages\\elementary\\monitor\\dbt_project']' is 402
2026-03-25 11:20:41 — INFO — Running dbt command --log-format json run-operation elementary.log_macro_results --args {"macro_name": "elementary_cli.get_singular_tests", "macro_args": {}} --project-dir C:\Project\DBT\dbt-bootcamp\.venv\Lib\site-packages\elementary\monitor\dbt_project
2026-03-25 11:20:43 — DEBUG — Result bytes size for command '['--log-format', 'json', 'run-operation', 'elementary.log_macro_results', '--args', '{"macro_name": "elementary_cli.get_singular_tests", "macro_args": {}}', '--project-dir', 'C:\\Project\\DBT\\dbt-bootcamp\\.venv\\Lib\\site-packages\\elementary\\monitor\\dbt_project']' is 402
2026-03-25 11:20:43 — INFO — Running dbt command --log-format json run-operation elementary.log_macro_results --args {"macro_name": "elementary_cli.get_models_runs", "macro_args": {"days_back": 7, "exclude_elementary": true}} --project-dir C:\Project\DBT\dbt-bootcamp\.venv\Lib\site-packages\elementary\monitor\dbt_project
2026-03-25 11:20:45 — DEBUG — Result bytes size for command '['--log-format', 'json', 'run-operation', 'elementary.log_macro_results', '--args', '{"macro_name": "elementary_cli.get_models_runs", "macro_args": {"days_back": 7, "exclude_elementary": true}}', '--project-dir', 'C:\\Project\\DBT\\dbt-bootcamp\\.venv\\Lib\\site-packages\\elementary\\monitor\\dbt_project']' is 402
2026-03-25 11:20:45 — INFO — Running dbt command --log-format json run-operation elementary.log_macro_results --args {"macro_name": "elementary_cli.get_dbt_models_test_coverage", "macro_args": {}} --project-dir C:\Project\DBT\dbt-bootcamp\.venv\Lib\site-packages\elementary\monitor\dbt_project
2026-03-25 11:20:47 — DEBUG — Result bytes size for command '['--log-format', 'json', 'run-operation', 'elementary.log_macro_results', '--args', '{"macro_name": "elementary_cli.get_dbt_models_test_coverage", "macro_args": {}}', '--project-dir', 'C:\\Project\\DBT\\dbt-bootcamp\\.venv\\Lib\\site-packages\\elementary\\monitor\\dbt_project']' is 1146
2026-03-25 11:20:47 — INFO — Running dbt command --log-format json run-operation elementary.log_macro_results --args {"macro_name": "elementary_cli.get_tests", "macro_args": {}} --project-dir C:\Project\DBT\dbt-bootcamp\.venv\Lib\site-packages\elementary\monitor\dbt_project
2026-03-25 11:20:50 — DEBUG — Result bytes size for command '['--log-format', 'json', 'run-operation', 'elementary.log_macro_results', '--args', '{"macro_name": "elementary_cli.get_tests", "macro_args": {}}', '--project-dir', 'C:\\Project\\DBT\\dbt-bootcamp\\.venv\\Lib\\site-packages\\elementary\\monitor\\dbt_project']' is 27450
2026-03-25 11:20:50 — INFO — Running dbt command --log-format json run-operation elementary.log_macro_results --args {"macro_name": "elementary_cli.get_nodes_depends_on_nodes", "macro_args": {"exclude_elementary": true}} --project-dir C:\Project\DBT\dbt-bootcamp\.venv\Lib\site-packages\elementary\monitor\dbt_project
2026-03-25 11:20:52 — DEBUG — Result bytes size for command '['--log-format', 'json', 'run-operation', 'elementary.log_macro_results', '--args', '{"macro_name": "elementary_cli.get_nodes_depends_on_nodes", "macro_args": {"exclude_elementary": true}}', '--project-dir', 'C:\\Project\\DBT\\dbt-bootcamp\\.venv\\Lib\\site-packages\\elementary\\monitor\\dbt_project']' is 5032
2026-03-25 11:20:52 — INFO — Running dbt command --log-format json run-operation elementary.log_macro_results --args {"macro_name": "elementary_cli.get_models_latest_invocation", "macro_args": {}} --project-dir C:\Project\DBT\dbt-bootcamp\.venv\Lib\site-packages\elementary\monitor\dbt_project
2026-03-25 11:20:56 — DEBUG — Result bytes size for command '['--log-format', 'json', 'run-operation', 'elementary.log_macro_results', '--args', '{"macro_name": "elementary_cli.get_models_latest_invocation", "macro_args": {}}', '--project-dir', 'C:\\Project\\DBT\\dbt-bootcamp\\.venv\\Lib\\site-packages\\elementary\\monitor\\dbt_project']' is 8614
2026-03-25 11:20:56 — INFO — Running dbt command --log-format json run-operation elementary.log_macro_results --args {"macro_name": "elementary_cli.get_models_latest_invocations_data", "macro_args": {}} --project-dir C:\Project\DBT\dbt-bootcamp\.venv\Lib\site-packages\elementary\monitor\dbt_project
2026-03-25 11:20:59 — DEBUG — Result bytes size for command '['--log-format', 'json', 'run-operation', 'elementary.log_macro_results', '--args', '{"macro_name": "elementary_cli.get_models_latest_invocations_data", "macro_args": {}}', '--project-dir', 'C:\\Project\\DBT\\dbt-bootcamp\\.venv\\Lib\\site-packages\\elementary\\monitor\\dbt_project']' is 824
2026-03-27 08:20:59 — INFO — Running with edr=0.22.0
2026-03-27 08:21:00 — DEBUG — Running dbt command --log-format json run-operation elementary.log_macro_results --args {"macro_name": "elementary_cli.get_latest_invocation", "macro_args": {}} --project-dir C:\Project\DBT\dbt-bootcamp\.venv\Lib\site-packages\elementary\monitor\dbt_project
2026-03-27 08:21:06 — DEBUG — Result bytes size for command '['--log-format', 'json', 'run-operation', 'elementary.log_macro_results', '--args', '{"macro_name": "elementary_cli.get_latest_invocation", "macro_args": {}}', '--project-dir', 'C:\\Project\\DBT\\dbt-bootcamp\\.venv\\Lib\\site-packages\\elementary\\monitor\\dbt_project']' is 2652
2026-03-27 08:21:06 — DEBUG — Running dbt command --log-format json run-operation elementary.log_macro_results --args {"macro_name": "elementary_cli.get_adapter_type_and_unique_id", "macro_args": {}} --project-dir C:\Project\DBT\dbt-bootcamp\.venv\Lib\site-packages\elementary\monitor\dbt_project
2026-03-27 08:21:07 — DEBUG — Result bytes size for command '['--log-format', 'json', 'run-operation', 'elementary.log_macro_results', '--args', '{"macro_name": "elementary_cli.get_adapter_type_and_unique_id", "macro_args": {}}', '--project-dir', 'C:\\Project\\DBT\\dbt-bootcamp\\.venv\\Lib\\site-packages\\elementary\\monitor\\dbt_project']' is 470
2026-03-27 08:21:07 — INFO — edr (0.22.0) and Elementary's dbt package (0.22.1) are compatible.
2026-03-27 08:21:07 — DEBUG — Running dbt command --log-format json run-operation elementary.log_macro_results --args {"macro_name": "elementary_cli.get_elementary_database_and_schema", "macro_args": {}} --project-dir C:\Project\DBT\dbt-bootcamp\.venv\Lib\site-packages\elementary\monitor\dbt_project
2026-03-27 08:21:09 — DEBUG — Result bytes size for command '['--log-format', 'json', 'run-operation', 'elementary.log_macro_results', '--args', '{"macro_name": "elementary_cli.get_elementary_database_and_schema", "macro_args": {}}', '--project-dir', 'C:\\Project\\DBT\\dbt-bootcamp\\.venv\\Lib\\site-packages\\elementary\\monitor\\dbt_project']' is 426
2026-03-27 08:21:09 — INFO — Elementary's database and schema: 'AIRBNB.DEV'
2026-03-27 08:21:09 — INFO — Running dbt command --log-format json run-operation elementary.log_macro_results --args {"macro_name": "elementary_cli.get_test_results", "macro_args": {"days_back": 7, "invocations_per_test": 720, "disable_passed_test_metrics": false}} --project-dir C:\Project\DBT\dbt-bootcamp\.venv\Lib\site-packages\elementary\monitor\dbt_project
2026-03-27 08:21:15 — DEBUG — Result bytes size for command '['--log-format', 'json', 'run-operation', 'elementary.log_macro_results', '--args', '{"macro_name": "elementary_cli.get_test_results", "macro_args": {"days_back": 7, "invocations_per_test": 720, "disable_passed_test_metrics": false}}', '--project-dir', 'C:\\Project\\DBT\\dbt-bootcamp\\.venv\\Lib\\site-packages\\elementary\\monitor\\dbt_project']' is 50448
2026-03-27 08:21:15 — INFO — Running dbt command --log-format json run-operation elementary.log_macro_results --args {"macro_name": "elementary_cli.get_source_freshness_results", "macro_args": {"days_back": 7, "invocations_per_test": 720}} --project-dir C:\Project\DBT\dbt-bootcamp\.venv\Lib\site-packages\elementary\monitor\dbt_project
2026-03-27 08:21:17 — DEBUG — Result bytes size for command '['--log-format', 'json', 'run-operation', 'elementary.log_macro_results', '--args', '{"macro_name": "elementary_cli.get_source_freshness_results", "macro_args": {"days_back": 7, "invocations_per_test": 720}}', '--project-dir', 'C:\\Project\\DBT\\dbt-bootcamp\\.venv\\Lib\\site-packages\\elementary\\monitor\\dbt_project']' is 402
2026-03-27 08:21:17 — INFO — Running dbt command --log-format json run-operation elementary.log_macro_results --args {"macro_name": "elementary_cli.get_seeds", "macro_args": {}} --project-dir C:\Project\DBT\dbt-bootcamp\.venv\Lib\site-packages\elementary\monitor\dbt_project
2026-03-27 08:21:18 — DEBUG — Result bytes size for command '['--log-format', 'json', 'run-operation', 'elementary.log_macro_results', '--args', '{"macro_name": "elementary_cli.get_seeds", "macro_args": {}}', '--project-dir', 'C:\\Project\\DBT\\dbt-bootcamp\\.venv\\Lib\\site-packages\\elementary\\monitor\\dbt_project']' is 1068
2026-03-27 08:21:18 — INFO — Running dbt command --log-format json run-operation elementary.log_macro_results --args {"macro_name": "elementary_cli.get_snapshots", "macro_args": {}} --project-dir C:\Project\DBT\dbt-bootcamp\.venv\Lib\site-packages\elementary\monitor\dbt_project
2026-03-27 08:21:21 — DEBUG — Result bytes size for command '['--log-format', 'json', 'run-operation', 'elementary.log_macro_results', '--args', '{"macro_name": "elementary_cli.get_snapshots", "macro_args": {}}', '--project-dir', 'C:\\Project\\DBT\\dbt-bootcamp\\.venv\\Lib\\site-packages\\elementary\\monitor\\dbt_project']' is 3232
2026-03-27 08:21:21 — INFO — Running dbt command --log-format json run-operation elementary.log_macro_results --args {"macro_name": "elementary_cli.get_models", "macro_args": {"exclude_elementary": true}} --project-dir C:\Project\DBT\dbt-bootcamp\.venv\Lib\site-packages\elementary\monitor\dbt_project
2026-03-27 08:21:22 — DEBUG — Result bytes size for command '['--log-format', 'json', 'run-operation', 'elementary.log_macro_results', '--args', '{"macro_name": "elementary_cli.get_models", "macro_args": {"exclude_elementary": true}}', '--project-dir', 'C:\\Project\\DBT\\dbt-bootcamp\\.venv\\Lib\\site-packages\\elementary\\monitor\\dbt_project']' is 7718
2026-03-27 08:21:22 — INFO — Running dbt command --log-format json run-operation elementary.log_macro_results --args {"macro_name": "elementary_cli.get_sources", "macro_args": {}} --project-dir C:\Project\DBT\dbt-bootcamp\.venv\Lib\site-packages\elementary\monitor\dbt_project
2026-03-27 08:21:25 — DEBUG — Result bytes size for command '['--log-format', 'json', 'run-operation', 'elementary.log_macro_results', '--args', '{"macro_name": "elementary_cli.get_sources", "macro_args": {}}', '--project-dir', 'C:\\Project\\DBT\\dbt-bootcamp\\.venv\\Lib\\site-packages\\elementary\\monitor\\dbt_project']' is 2456
2026-03-27 08:21:25 — INFO — Running dbt command --log-format json run-operation elementary.log_macro_results --args {"macro_name": "elementary_cli.get_exposures", "macro_args": {}} --project-dir C:\Project\DBT\dbt-bootcamp\.venv\Lib\site-packages\elementary\monitor\dbt_project
2026-03-27 08:21:27 — DEBUG — Result bytes size for command '['--log-format', 'json', 'run-operation', 'elementary.log_macro_results', '--args', '{"macro_name": "elementary_cli.get_exposures", "macro_args": {}}', '--project-dir', 'C:\\Project\\DBT\\dbt-bootcamp\\.venv\\Lib\\site-packages\\elementary\\monitor\\dbt_project']' is 402
2026-03-27 08:21:27 — INFO — Running dbt command --log-format json run-operation elementary.log_macro_results --args {"macro_name": "elementary_cli.get_singular_tests", "macro_args": {}} --project-dir C:\Project\DBT\dbt-bootcamp\.venv\Lib\site-packages\elementary\monitor\dbt_project
2026-03-27 08:21:29 — DEBUG — Result bytes size for command '['--log-format', 'json', 'run-operation', 'elementary.log_macro_results', '--args', '{"macro_name": "elementary_cli.get_singular_tests", "macro_args": {}}', '--project-dir', 'C:\\Project\\DBT\\dbt-bootcamp\\.venv\\Lib\\site-packages\\elementary\\monitor\\dbt_project']' is 402
2026-03-27 08:21:29 — INFO — Running dbt command --log-format json run-operation elementary.log_macro_results --args {"macro_name": "elementary_cli.get_models_runs", "macro_args": {"days_back": 7, "exclude_elementary": true}} --project-dir C:\Project\DBT\dbt-bootcamp\.venv\Lib\site-packages\elementary\monitor\dbt_project
2026-03-27 08:21:31 — DEBUG — Result bytes size for command '['--log-format', 'json', 'run-operation', 'elementary.log_macro_results', '--args', '{"macro_name": "elementary_cli.get_models_runs", "macro_args": {"days_back": 7, "exclude_elementary": true}}', '--project-dir', 'C:\\Project\\DBT\\dbt-bootcamp\\.venv\\Lib\\site-packages\\elementary\\monitor\\dbt_project']' is 402
2026-03-27 08:21:31 — INFO — Running dbt command --log-format json run-operation elementary.log_macro_results --args {"macro_name": "elementary_cli.get_dbt_models_test_coverage", "macro_args": {}} --project-dir C:\Project\DBT\dbt-bootcamp\.venv\Lib\site-packages\elementary\monitor\dbt_project
2026-03-27 08:21:33 — DEBUG — Result bytes size for command '['--log-format', 'json', 'run-operation', 'elementary.log_macro_results', '--args', '{"macro_name": "elementary_cli.get_dbt_models_test_coverage", "macro_args": {}}', '--project-dir', 'C:\\Project\\DBT\\dbt-bootcamp\\.venv\\Lib\\site-packages\\elementary\\monitor\\dbt_project']' is 1146
2026-03-27 08:21:33 — INFO — Running dbt command --log-format json run-operation elementary.log_macro_results --args {"macro_name": "elementary_cli.get_tests", "macro_args": {}} --project-dir C:\Project\DBT\dbt-bootcamp\.venv\Lib\site-packages\elementary\monitor\dbt_project
2026-03-27 08:21:36 — DEBUG — Result bytes size for command '['--log-format', 'json', 'run-operation', 'elementary.log_macro_results', '--args', '{"macro_name": "elementary_cli.get_tests", "macro_args": {}}', '--project-dir', 'C:\\Project\\DBT\\dbt-bootcamp\\.venv\\Lib\\site-packages\\elementary\\monitor\\dbt_project']' is 27450
2026-03-27 08:21:36 — INFO — Running dbt command --log-format json run-operation elementary.log_macro_results --args {"macro_name": "elementary_cli.get_nodes_depends_on_nodes", "macro_args": {"exclude_elementary": true}} --project-dir C:\Project\DBT\dbt-bootcamp\.venv\Lib\site-packages\elementary\monitor\dbt_project
2026-03-27 08:21:38 — DEBUG — Result bytes size for command '['--log-format', 'json', 'run-operation', 'elementary.log_macro_results', '--args', '{"macro_name": "elementary_cli.get_nodes_depends_on_nodes", "macro_args": {"exclude_elementary": true}}', '--project-dir', 'C:\\Project\\DBT\\dbt-bootcamp\\.venv\\Lib\\site-packages\\elementary\\monitor\\dbt_project']' is 5032
2026-03-27 08:21:38 — INFO — Running dbt command --log-format json run-operation elementary.log_macro_results --args {"macro_name": "elementary_cli.get_models_latest_invocation", "macro_args": {}} --project-dir C:\Project\DBT\dbt-bootcamp\.venv\Lib\site-packages\elementary\monitor\dbt_project
2026-03-27 08:21:41 — DEBUG — Result bytes size for command '['--log-format', 'json', 'run-operation', 'elementary.log_macro_results', '--args', '{"macro_name": "elementary_cli.get_models_latest_invocation", "macro_args": {}}', '--project-dir', 'C:\\Project\\DBT\\dbt-bootcamp\\.venv\\Lib\\site-packages\\elementary\\monitor\\dbt_project']' is 8614
2026-03-27 08:21:41 — INFO — Running dbt command --log-format json run-operation elementary.log_macro_results --args {"macro_name": "elementary_cli.get_models_latest_invocations_data", "macro_args": {}} --project-dir C:\Project\DBT\dbt-bootcamp\.venv\Lib\site-packages\elementary\monitor\dbt_project
2026-03-27 08:21:43 — DEBUG — Result bytes size for command '['--log-format', 'json', 'run-operation', 'elementary.log_macro_results', '--args', '{"macro_name": "elementary_cli.get_models_latest_invocations_data", "macro_args": {}}', '--project-dir', 'C:\\Project\\DBT\\dbt-bootcamp\\.venv\\Lib\\site-packages\\elementary\\monitor\\dbt_project']' is 824
2026-03-27 08:27:37 — INFO — Running with edr=0.22.0
2026-03-27 08:27:38 — DEBUG — Running dbt command --log-format json run-operation elementary.log_macro_results --args {"macro_name": "elementary_cli.get_latest_invocation", "macro_args": {}} --project-dir C:\Project\DBT\dbt-bootcamp\.venv\Lib\site-packages\elementary\monitor\dbt_project
2026-03-27 08:27:41 — DEBUG — Result bytes size for command '['--log-format', 'json', 'run-operation', 'elementary.log_macro_results', '--args', '{"macro_name": "elementary_cli.get_latest_invocation", "macro_args": {}}', '--project-dir', 'C:\\Project\\DBT\\dbt-bootcamp\\.venv\\Lib\\site-packages\\elementary\\monitor\\dbt_project']' is 2650
2026-03-27 08:27:41 — DEBUG — Running dbt command --log-format json run-operation elementary.log_macro_results --args {"macro_name": "elementary_cli.get_adapter_type_and_unique_id", "macro_args": {}} --project-dir C:\Project\DBT\dbt-bootcamp\.venv\Lib\site-packages\elementary\monitor\dbt_project
2026-03-27 08:27:42 — DEBUG — Result bytes size for command '['--log-format', 'json', 'run-operation', 'elementary.log_macro_results', '--args', '{"macro_name": "elementary_cli.get_adapter_type_and_unique_id", "macro_args": {}}', '--project-dir', 'C:\\Project\\DBT\\dbt-bootcamp\\.venv\\Lib\\site-packages\\elementary\\monitor\\dbt_project']' is 470
2026-03-27 08:27:42 — INFO — edr (0.22.0) and Elementary's dbt package (0.22.1) are compatible.
2026-03-27 08:27:42 — DEBUG — Running dbt command --log-format json run-operation elementary.log_macro_results --args {"macro_name": "elementary_cli.get_elementary_database_and_schema", "macro_args": {}} --project-dir C:\Project\DBT\dbt-bootcamp\.venv\Lib\site-packages\elementary\monitor\dbt_project
2026-03-27 08:27:44 — DEBUG — Result bytes size for command '['--log-format', 'json', 'run-operation', 'elementary.log_macro_results', '--args', '{"macro_name": "elementary_cli.get_elementary_database_and_schema", "macro_args": {}}', '--project-dir', 'C:\\Project\\DBT\\dbt-bootcamp\\.venv\\Lib\\site-packages\\elementary\\monitor\\dbt_project']' is 426
2026-03-27 08:27:44 — INFO — Elementary's database and schema: 'AIRBNB.DEV'
2026-03-27 08:27:44 — INFO — Running dbt command --log-format json run-operation elementary.log_macro_results --args {"macro_name": "elementary_cli.get_test_results", "macro_args": {"days_back": 7, "invocations_per_test": 720, "disable_passed_test_metrics": false}} --project-dir C:\Project\DBT\dbt-bootcamp\.venv\Lib\site-packages\elementary\monitor\dbt_project
2026-03-27 08:27:48 — DEBUG — Result bytes size for command '['--log-format', 'json', 'run-operation', 'elementary.log_macro_results', '--args', '{"macro_name": "elementary_cli.get_test_results", "macro_args": {"days_back": 7, "invocations_per_test": 720, "disable_passed_test_metrics": false}}', '--project-dir', 'C:\\Project\\DBT\\dbt-bootcamp\\.venv\\Lib\\site-packages\\elementary\\monitor\\dbt_project']' is 50448
2026-03-27 08:27:48 — INFO — Running dbt command --log-format json run-operation elementary.log_macro_results --args {"macro_name": "elementary_cli.get_source_freshness_results", "macro_args": {"days_back": 7, "invocations_per_test": 720}} --project-dir C:\Project\DBT\dbt-bootcamp\.venv\Lib\site-packages\elementary\monitor\dbt_project
2026-03-27 08:27:50 — DEBUG — Result bytes size for command '['--log-format', 'json', 'run-operation', 'elementary.log_macro_results', '--args', '{"macro_name": "elementary_cli.get_source_freshness_results", "macro_args": {"days_back": 7, "invocations_per_test": 720}}', '--project-dir', 'C:\\Project\\DBT\\dbt-bootcamp\\.venv\\Lib\\site-packages\\elementary\\monitor\\dbt_project']' is 402
2026-03-27 08:27:50 — INFO — Running dbt command --log-format json run-operation elementary.log_macro_results --args {"macro_name": "elementary_cli.get_seeds", "macro_args": {}} --project-dir C:\Project\DBT\dbt-bootcamp\.venv\Lib\site-packages\elementary\monitor\dbt_project
2026-03-27 08:27:52 — DEBUG — Result bytes size for command '['--log-format', 'json', 'run-operation', 'elementary.log_macro_results', '--args', '{"macro_name": "elementary_cli.get_seeds", "macro_args": {}}', '--project-dir', 'C:\\Project\\DBT\\dbt-bootcamp\\.venv\\Lib\\site-packages\\elementary\\monitor\\dbt_project']' is 1068
2026-03-27 08:27:52 — INFO — Running dbt command --log-format json run-operation elementary.log_macro_results --args {"macro_name": "elementary_cli.get_snapshots", "macro_args": {}} --project-dir C:\Project\DBT\dbt-bootcamp\.venv\Lib\site-packages\elementary\monitor\dbt_project
2026-03-27 08:27:55 — DEBUG — Result bytes size for command '['--log-format', 'json', 'run-operation', 'elementary.log_macro_results', '--args', '{"macro_name": "elementary_cli.get_snapshots", "macro_args": {}}', '--project-dir', 'C:\\Project\\DBT\\dbt-bootcamp\\.venv\\Lib\\site-packages\\elementary\\monitor\\dbt_project']' is 3232
2026-03-27 08:27:55 — INFO — Running dbt command --log-format json run-operation elementary.log_macro_results --args {"macro_name": "elementary_cli.get_models", "macro_args": {"exclude_elementary": true}} --project-dir C:\Project\DBT\dbt-bootcamp\.venv\Lib\site-packages\elementary\monitor\dbt_project
2026-03-27 08:27:57 — DEBUG — Result bytes size for command '['--log-format', 'json', 'run-operation', 'elementary.log_macro_results', '--args', '{"macro_name": "elementary_cli.get_models", "macro_args": {"exclude_elementary": true}}', '--project-dir', 'C:\\Project\\DBT\\dbt-bootcamp\\.venv\\Lib\\site-packages\\elementary\\monitor\\dbt_project']' is 7718
2026-03-27 08:27:57 — INFO — Running dbt command --log-format json run-operation elementary.log_macro_results --args {"macro_name": "elementary_cli.get_sources", "macro_args": {}} --project-dir C:\Project\DBT\dbt-bootcamp\.venv\Lib\site-packages\elementary\monitor\dbt_project
2026-03-27 08:27:59 — DEBUG — Result bytes size for command '['--log-format', 'json', 'run-operation', 'elementary.log_macro_results', '--args', '{"macro_name": "elementary_cli.get_sources", "macro_args": {}}', '--project-dir', 'C:\\Project\\DBT\\dbt-bootcamp\\.venv\\Lib\\site-packages\\elementary\\monitor\\dbt_project']' is 2456
2026-03-27 08:27:59 — INFO — Running dbt command --log-format json run-operation elementary.log_macro_results --args {"macro_name": "elementary_cli.get_exposures", "macro_args": {}} --project-dir C:\Project\DBT\dbt-bootcamp\.venv\Lib\site-packages\elementary\monitor\dbt_project
2026-03-27 08:28:02 — DEBUG — Result bytes size for command '['--log-format', 'json', 'run-operation', 'elementary.log_macro_results', '--args', '{"macro_name": "elementary_cli.get_exposures", "macro_args": {}}', '--project-dir', 'C:\\Project\\DBT\\dbt-bootcamp\\.venv\\Lib\\site-packages\\elementary\\monitor\\dbt_project']' is 402
2026-03-27 08:28:02 — INFO — Running dbt command --log-format json run-operation elementary.log_macro_results --args {"macro_name": "elementary_cli.get_singular_tests", "macro_args": {}} --project-dir C:\Project\DBT\dbt-bootcamp\.venv\Lib\site-packages\elementary\monitor\dbt_project
2026-03-27 08:28:04 — DEBUG — Result bytes size for command '['--log-format', 'json', 'run-operation', 'elementary.log_macro_results', '--args', '{"macro_name": "elementary_cli.get_singular_tests", "macro_args": {}}', '--project-dir', 'C:\\Project\\DBT\\dbt-bootcamp\\.venv\\Lib\\site-packages\\elementary\\monitor\\dbt_project']' is 402
2026-03-27 08:28:04 — INFO — Running dbt command --log-format json run-operation elementary.log_macro_results --args {"macro_name": "elementary_cli.get_models_runs", "macro_args": {"days_back": 7, "exclude_elementary": true}} --project-dir C:\Project\DBT\dbt-bootcamp\.venv\Lib\site-packages\elementary\monitor\dbt_project
2026-03-27 08:28:06 — DEBUG — Result bytes size for command '['--log-format', 'json', 'run-operation', 'elementary.log_macro_results', '--args', '{"macro_name": "elementary_cli.get_models_runs", "macro_args": {"days_back": 7, "exclude_elementary": true}}', '--project-dir', 'C:\\Project\\DBT\\dbt-bootcamp\\.venv\\Lib\\site-packages\\elementary\\monitor\\dbt_project']' is 8900
2026-03-27 08:28:06 — INFO — Running dbt command --log-format json run-operation elementary.log_macro_results --args {"macro_name": "elementary_cli.get_dbt_models_test_coverage", "macro_args": {}} --project-dir C:\Project\DBT\dbt-bootcamp\.venv\Lib\site-packages\elementary\monitor\dbt_project
2026-03-27 08:28:08 — DEBUG — Result bytes size for command '['--log-format', 'json', 'run-operation', 'elementary.log_macro_results', '--args', '{"macro_name": "elementary_cli.get_dbt_models_test_coverage", "macro_args": {}}', '--project-dir', 'C:\\Project\\DBT\\dbt-bootcamp\\.venv\\Lib\\site-packages\\elementary\\monitor\\dbt_project']' is 1146
2026-03-27 08:28:08 — INFO — Running dbt command --log-format json run-operation elementary.log_macro_results --args {"macro_name": "elementary_cli.get_tests", "macro_args": {}} --project-dir C:\Project\DBT\dbt-bootcamp\.venv\Lib\site-packages\elementary\monitor\dbt_project
2026-03-27 08:28:11 — DEBUG — Result bytes size for command '['--log-format', 'json', 'run-operation', 'elementary.log_macro_results', '--args', '{"macro_name": "elementary_cli.get_tests", "macro_args": {}}', '--project-dir', 'C:\\Project\\DBT\\dbt-bootcamp\\.venv\\Lib\\site-packages\\elementary\\monitor\\dbt_project']' is 27450
2026-03-27 08:28:11 — INFO — Running dbt command --log-format json run-operation elementary.log_macro_results --args {"macro_name": "elementary_cli.get_nodes_depends_on_nodes", "macro_args": {"exclude_elementary": true}} --project-dir C:\Project\DBT\dbt-bootcamp\.venv\Lib\site-packages\elementary\monitor\dbt_project
2026-03-27 08:28:13 — DEBUG — Result bytes size for command '['--log-format', 'json', 'run-operation', 'elementary.log_macro_results', '--args', '{"macro_name": "elementary_cli.get_nodes_depends_on_nodes", "macro_args": {"exclude_elementary": true}}', '--project-dir', 'C:\\Project\\DBT\\dbt-bootcamp\\.venv\\Lib\\site-packages\\elementary\\monitor\\dbt_project']' is 5032
2026-03-27 08:28:13 — INFO — Running dbt command --log-format json run-operation elementary.log_macro_results --args {"macro_name": "elementary_cli.get_models_latest_invocation", "macro_args": {}} --project-dir C:\Project\DBT\dbt-bootcamp\.venv\Lib\site-packages\elementary\monitor\dbt_project
2026-03-27 08:28:16 — DEBUG — Result bytes size for command '['--log-format', 'json', 'run-operation', 'elementary.log_macro_results', '--args', '{"macro_name": "elementary_cli.get_models_latest_invocation", "macro_args": {}}', '--project-dir', 'C:\\Project\\DBT\\dbt-bootcamp\\.venv\\Lib\\site-packages\\elementary\\monitor\\dbt_project']' is 8614
2026-03-27 08:28:16 — INFO — Running dbt command --log-format json run-operation elementary.log_macro_results --args {"macro_name": "elementary_cli.get_models_latest_invocations_data", "macro_args": {}} --project-dir C:\Project\DBT\dbt-bootcamp\.venv\Lib\site-packages\elementary\monitor\dbt_project
2026-03-27 08:28:19 — DEBUG — Result bytes size for command '['--log-format', 'json', 'run-operation', 'elementary.log_macro_results', '--args', '{"macro_name": "elementary_cli.get_models_latest_invocations_data", "macro_args": {}}', '--project-dir', 'C:\\Project\\DBT\\dbt-bootcamp\\.venv\\Lib\\site-packages\\elementary\\monitor\\dbt_project']' is 820
2026-03-27 08:30:35 — INFO — Running with edr=0.22.0
2026-03-27 08:30:36 — DEBUG — Running dbt command --log-format json run-operation elementary.log_macro_results --args {"macro_name": "elementary_cli.get_latest_invocation", "macro_args": {}} --project-dir C:\Project\DBT\dbt-bootcamp\.venv\Lib\site-packages\elementary\monitor\dbt_project
2026-03-27 08:30:41 — DEBUG — Result bytes size for command '['--log-format', 'json', 'run-operation', 'elementary.log_macro_results', '--args', '{"macro_name": "elementary_cli.get_latest_invocation", "macro_args": {}}', '--project-dir', 'C:\\Project\\DBT\\dbt-bootcamp\\.venv\\Lib\\site-packages\\elementary\\monitor\\dbt_project']' is 2650
2026-03-27 08:30:41 — DEBUG — Running dbt command --log-format json run-operation elementary.log_macro_results --args {"macro_name": "elementary_cli.get_adapter_type_and_unique_id", "macro_args": {}} --project-dir C:\Project\DBT\dbt-bootcamp\.venv\Lib\site-packages\elementary\monitor\dbt_project
2026-03-27 08:30:43 — DEBUG — Result bytes size for command '['--log-format', 'json', 'run-operation', 'elementary.log_macro_results', '--args', '{"macro_name": "elementary_cli.get_adapter_type_and_unique_id", "macro_args": {}}', '--project-dir', 'C:\\Project\\DBT\\dbt-bootcamp\\.venv\\Lib\\site-packages\\elementary\\monitor\\dbt_project']' is 470
2026-03-27 08:30:43 — INFO — edr (0.22.0) and Elementary's dbt package (0.22.1) are compatible.
2026-03-27 08:30:43 — DEBUG — Running dbt command --log-format json run-operation elementary.log_macro_results --args {"macro_name": "elementary_cli.get_elementary_database_and_schema", "macro_args": {}} --project-dir C:\Project\DBT\dbt-bootcamp\.venv\Lib\site-packages\elementary\monitor\dbt_project
2026-03-27 08:30:44 — DEBUG — Result bytes size for command '['--log-format', 'json', 'run-operation', 'elementary.log_macro_results', '--args', '{"macro_name": "elementary_cli.get_elementary_database_and_schema", "macro_args": {}}', '--project-dir', 'C:\\Project\\DBT\\dbt-bootcamp\\.venv\\Lib\\site-packages\\elementary\\monitor\\dbt_project']' is 426
2026-03-27 08:30:44 — INFO — Elementary's database and schema: 'AIRBNB.DEV'
2026-03-27 08:30:44 — INFO — Running dbt command --log-format json run-operation elementary.log_macro_results --args {"macro_name": "elementary_cli.get_test_results", "macro_args": {"days_back": 3650, "invocations_per_test": 720, "disable_passed_test_metrics": false}} --project-dir C:\Project\DBT\dbt-bootcamp\.venv\Lib\site-packages\elementary\monitor\dbt_project
2026-03-27 08:30:50 — DEBUG — Result bytes size for command '['--log-format', 'json', 'run-operation', 'elementary.log_macro_results', '--args', '{"macro_name": "elementary_cli.get_test_results", "macro_args": {"days_back": 3650, "invocations_per_test": 720, "disable_passed_test_metrics": false}}', '--project-dir', 'C:\\Project\\DBT\\dbt-bootcamp\\.venv\\Lib\\site-packages\\elementary\\monitor\\dbt_project']' is 220992
2026-03-27 08:30:50 — INFO — Running dbt command --log-format json run-operation elementary.log_macro_results --args {"macro_name": "elementary_cli.get_source_freshness_results", "macro_args": {"days_back": 3650, "invocations_per_test": 720}} --project-dir C:\Project\DBT\dbt-bootcamp\.venv\Lib\site-packages\elementary\monitor\dbt_project
2026-03-27 08:30:53 — DEBUG — Result bytes size for command '['--log-format', 'json', 'run-operation', 'elementary.log_macro_results', '--args', '{"macro_name": "elementary_cli.get_source_freshness_results", "macro_args": {"days_back": 3650, "invocations_per_test": 720}}', '--project-dir', 'C:\\Project\\DBT\\dbt-bootcamp\\.venv\\Lib\\site-packages\\elementary\\monitor\\dbt_project']' is 2768
2026-03-27 08:30:53 — INFO — Running dbt command --log-format json run-operation elementary.log_macro_results --args {"macro_name": "elementary_cli.get_seeds", "macro_args": {}} --project-dir C:\Project\DBT\dbt-bootcamp\.venv\Lib\site-packages\elementary\monitor\dbt_project
2026-03-27 08:30:54 — DEBUG — Result bytes size for command '['--log-format', 'json', 'run-operation', 'elementary.log_macro_results', '--args', '{"macro_name": "elementary_cli.get_seeds", "macro_args": {}}', '--project-dir', 'C:\\Project\\DBT\\dbt-bootcamp\\.venv\\Lib\\site-packages\\elementary\\monitor\\dbt_project']' is 1068
2026-03-27 08:30:54 — INFO — Running dbt command --log-format json run-operation elementary.log_macro_results --args {"macro_name": "elementary_cli.get_snapshots", "macro_args": {}} --project-dir C:\Project\DBT\dbt-bootcamp\.venv\Lib\site-packages\elementary\monitor\dbt_project
2026-03-27 08:30:57 — DEBUG — Result bytes size for command '['--log-format', 'json', 'run-operation', 'elementary.log_macro_results', '--args', '{"macro_name": "elementary_cli.get_snapshots", "macro_args": {}}', '--project-dir', 'C:\\Project\\DBT\\dbt-bootcamp\\.venv\\Lib\\site-packages\\elementary\\monitor\\dbt_project']' is 3232
2026-03-27 08:30:57 — INFO — Running dbt command --log-format json run-operation elementary.log_macro_results --args {"macro_name": "elementary_cli.get_models", "macro_args": {"exclude_elementary": true}} --project-dir C:\Project\DBT\dbt-bootcamp\.venv\Lib\site-packages\elementary\monitor\dbt_project
2026-03-27 08:30:59 — DEBUG — Result bytes size for command '['--log-format', 'json', 'run-operation', 'elementary.log_macro_results', '--args', '{"macro_name": "elementary_cli.get_models", "macro_args": {"exclude_elementary": true}}', '--project-dir', 'C:\\Project\\DBT\\dbt-bootcamp\\.venv\\Lib\\site-packages\\elementary\\monitor\\dbt_project']' is 7718
2026-03-27 08:30:59 — INFO — Running dbt command --log-format json run-operation elementary.log_macro_results --args {"macro_name": "elementary_cli.get_sources", "macro_args": {}} --project-dir C:\Project\DBT\dbt-bootcamp\.venv\Lib\site-packages\elementary\monitor\dbt_project
2026-03-27 08:31:01 — DEBUG — Result bytes size for command '['--log-format', 'json', 'run-operation', 'elementary.log_macro_results', '--args', '{"macro_name": "elementary_cli.get_sources", "macro_args": {}}', '--project-dir', 'C:\\Project\\DBT\\dbt-bootcamp\\.venv\\Lib\\site-packages\\elementary\\monitor\\dbt_project']' is 2456
2026-03-27 08:31:01 — INFO — Running dbt command --log-format json run-operation elementary.log_macro_results --args {"macro_name": "elementary_cli.get_exposures", "macro_args": {}} --project-dir C:\Project\DBT\dbt-bootcamp\.venv\Lib\site-packages\elementary\monitor\dbt_project
2026-03-27 08:31:04 — DEBUG — Result bytes size for command '['--log-format', 'json', 'run-operation', 'elementary.log_macro_results', '--args', '{"macro_name": "elementary_cli.get_exposures", "macro_args": {}}', '--project-dir', 'C:\\Project\\DBT\\dbt-bootcamp\\.venv\\Lib\\site-packages\\elementary\\monitor\\dbt_project']' is 402
2026-03-27 08:31:04 — INFO — Running dbt command --log-format json run-operation elementary.log_macro_results --args {"macro_name": "elementary_cli.get_singular_tests", "macro_args": {}} --project-dir C:\Project\DBT\dbt-bootcamp\.venv\Lib\site-packages\elementary\monitor\dbt_project
2026-03-27 08:31:06 — DEBUG — Result bytes size for command '['--log-format', 'json', 'run-operation', 'elementary.log_macro_results', '--args', '{"macro_name": "elementary_cli.get_singular_tests", "macro_args": {}}', '--project-dir', 'C:\\Project\\DBT\\dbt-bootcamp\\.venv\\Lib\\site-packages\\elementary\\monitor\\dbt_project']' is 402
2026-03-27 08:31:06 — INFO — Running dbt command --log-format json run-operation elementary.log_macro_results --args {"macro_name": "elementary_cli.get_models_runs", "macro_args": {"days_back": 3650, "exclude_elementary": true}} --project-dir C:\Project\DBT\dbt-bootcamp\.venv\Lib\site-packages\elementary\monitor\dbt_project
2026-03-27 08:31:09 — DEBUG — Result bytes size for command '['--log-format', 'json', 'run-operation', 'elementary.log_macro_results', '--args', '{"macro_name": "elementary_cli.get_models_runs", "macro_args": {"days_back": 3650, "exclude_elementary": true}}', '--project-dir', 'C:\\Project\\DBT\\dbt-bootcamp\\.venv\\Lib\\site-packages\\elementary\\monitor\\dbt_project']' is 17164
2026-03-27 08:31:09 — INFO — Running dbt command --log-format json run-operation elementary.log_macro_results --args {"macro_name": "elementary_cli.get_dbt_models_test_coverage", "macro_args": {}} --project-dir C:\Project\DBT\dbt-bootcamp\.venv\Lib\site-packages\elementary\monitor\dbt_project
2026-03-27 08:31:11 — DEBUG — Result bytes size for command '['--log-format', 'json', 'run-operation', 'elementary.log_macro_results', '--args', '{"macro_name": "elementary_cli.get_dbt_models_test_coverage", "macro_args": {}}', '--project-dir', 'C:\\Project\\DBT\\dbt-bootcamp\\.venv\\Lib\\site-packages\\elementary\\monitor\\dbt_project']' is 1146
2026-03-27 08:31:11 — INFO — Running dbt command --log-format json run-operation elementary.log_macro_results --args {"macro_name": "elementary_cli.get_tests", "macro_args": {}} --project-dir C:\Project\DBT\dbt-bootcamp\.venv\Lib\site-packages\elementary\monitor\dbt_project
2026-03-27 08:31:13 — DEBUG — Result bytes size for command '['--log-format', 'json', 'run-operation', 'elementary.log_macro_results', '--args', '{"macro_name": "elementary_cli.get_tests", "macro_args": {}}', '--project-dir', 'C:\\Project\\DBT\\dbt-bootcamp\\.venv\\Lib\\site-packages\\elementary\\monitor\\dbt_project']' is 27450
2026-03-27 08:31:13 — INFO — Running dbt command --log-format json run-operation elementary.log_macro_results --args {"macro_name": "elementary_cli.get_nodes_depends_on_nodes", "macro_args": {"exclude_elementary": true}} --project-dir C:\Project\DBT\dbt-bootcamp\.venv\Lib\site-packages\elementary\monitor\dbt_project
2026-03-27 08:31:15 — DEBUG — Result bytes size for command '['--log-format', 'json', 'run-operation', 'elementary.log_macro_results', '--args', '{"macro_name": "elementary_cli.get_nodes_depends_on_nodes", "macro_args": {"exclude_elementary": true}}', '--project-dir', 'C:\\Project\\DBT\\dbt-bootcamp\\.venv\\Lib\\site-packages\\elementary\\monitor\\dbt_project']' is 5032
2026-03-27 08:31:15 — INFO — Running dbt command --log-format json run-operation elementary.log_macro_results --args {"macro_name": "elementary_cli.get_models_latest_invocation", "macro_args": {}} --project-dir C:\Project\DBT\dbt-bootcamp\.venv\Lib\site-packages\elementary\monitor\dbt_project
2026-03-27 08:31:17 — DEBUG — Result bytes size for command '['--log-format', 'json', 'run-operation', 'elementary.log_macro_results', '--args', '{"macro_name": "elementary_cli.get_models_latest_invocation", "macro_args": {}}', '--project-dir', 'C:\\Project\\DBT\\dbt-bootcamp\\.venv\\Lib\\site-packages\\elementary\\monitor\\dbt_project']' is 8614
2026-03-27 08:31:17 — INFO — Running dbt command --log-format json run-operation elementary.log_macro_results --args {"macro_name": "elementary_cli.get_models_latest_invocations_data", "macro_args": {}} --project-dir C:\Project\DBT\dbt-bootcamp\.venv\Lib\site-packages\elementary\monitor\dbt_project
2026-03-27 08:31:19 — DEBUG — Result bytes size for command '['--log-format', 'json', 'run-operation', 'elementary.log_macro_results', '--args', '{"macro_name": "elementary_cli.get_models_latest_invocations_data", "macro_args": {}}', '--project-dir', 'C:\\Project\\DBT\\dbt-bootcamp\\.venv\\Lib\\site-packages\\elementary\\monitor\\dbt_project']' is 820
